;Wszystkie;;Montaż;;Spawanie;;Szlifowanie;;Pozostałe;
No;technol;wykonane;technol;wykonane;technol;wykonane;technol;wykonane;technol;wykonane
1;223;260;80;78;88;95;32;40;23;47
2;223;233;80;82;88;84;32;38;23;29
3;379;416,5;120;118;192;199,5;48;56;19;43
4;802;905,5;280;300;318;290;80;147;124;168,5
5;635,6;674;246;226;234;232,5;64;92;91,6;123,5
6;635;684,5;224;213;268;255;64;82;79;134,5
7;474;506,5;160;159;236;218,5;44;60;34;69
8;724;822,5;314;328;276;281,5;80;108;54;105
9;316;364,5;128;114,5;120;153;32;40;36;57
10;508,4;530,5;167;175;251;234,5;62;65;28,4;56
11;905,6;1057;298;302;356;369,5;100;99,5;151,6;286
12;392;450,5;132;144;180;176;56;70;24;60,5
13;230,9;269,5;82;86;88;88,5;32;39;28,9;56
14;735;1318,5;260;260;306;404;70;95;99;559,5
15;124,5;147,5;50;49,5;48;53;16;16;10,5;29
16;203;239,5;74;64;74;71;32;42;23;62,5
17;313,6;340;124;119;122;112;40;48,5;27,6;60,5
18;313,6;335,5;124;114;122;106,5;40;50;27,6;65
19;518,6;570,5;222;214;194;206,5;72;80;30,6;70
20;519,1;538,5;222;216;194;192;72;75;31,1;55,5
21;519,1;525;222;215;194;188;72;73;31,1;49
22;297,9;425;116;145,5;120;156,5;36;53;25,9;70
23;646,6;697;246;214;234;236;64;81;102,6;166
24;642,6;658;246;203;234;227;64;81;98,6;147
25;660;717,5;246;211,5;234;232,5;64;81;116;192,5
26;145,2;179;51;53,5;54;55,5;24;28;16,2;42
27;729;784,5;260;265;306;291,5;70;83;93;145
28;904;917;298;303;356;323;100;110;150;181
29;624;668;232;216,5;230;220,5;60;86;102;145
30;958;1055;324;321,5;396;396,5;100;130;138;207
31;961;1034,5;324;320;396;385;100;127;141;202,5
32;383,6;366,5;156;107,5;124;132;32;44;71,6;83
33;383,6;363;156;110;124;107;32;42;71,6;104
34;383,6;371;156;118;124;108,5;32;45;71,6;99,5
35;800;850,5;280;249,5;318;314;80;101;122;186
36;460;472,5;184;164;164;143;36;49;76;116,5
37;1074;1133;348;344;510;490;96;115;120;184
38;958;1030,5;324;318,5;396;395;100;127;138;190
39;383;415,5;120;123;192;182,5;48;58;23;52
40;357;465,5;129;136,5;135;188;48;60;45;81
41;239,5;269;86;97;94;99,5;28;32;31,5;40,5
42;142;187,5;52;54,5;59;80;16;21,5;15;31,5
43;1834,7;2057,5;670;683;928;934;168;199;68,7;241,5
44;240;250;90;80,5;102;95;24;28,5;24;46
45;277,2;369;108;130;98;101;32;55;39,2;83
46;182;201,5;56;57;67;71;20;27;39;46,5
47;160;196;55;57,5;68;86,5;18;23;19;29
48;160;174;55;56;68;66,5;18;23,5;19;28
49;122;177,5;46;66,5;36;39,5;20;34;20;37,5
50;113;164,5;37;70;36;37;8;27;32;30,5
51;113;140;37;62;36;30;8;26;32;22
52;791;807,5;266;259;308;295,5;80;96;137;157
53;602,6;736;213;225;285;351,5;72;103,5;32,6;56
54;230,21;254;80;73,5;98;100;30;37;22,21;43,5
55;829,2;1016,5;352;352;348;369,5;72;188;57,2;107
56;127,7;131,5;48;48,5;52;41,5;16;19;11,7;22,5
57;314;403;128;127;120;150;32;43;34;83
58;314;388;128;125,5;120;155,5;32;44;34;63
59;263;281,5;100;96;96;79,5;32;41;35;65
60;292,6;349,5;94;98;106;130;40;46;52,6;75,5
61;270;287,5;94;93,5;106;96;40;50;30;48
62;109;133;41;41;43;50,5;10;14;15;27,5
63;434,6;588;160;230;188;204;44;90;42,6;64
64;626,6;677;258;260;278;275,5;60;71;30,6;70,5
65;261,2;319;96;91;94;104;32;43;39,2;81
66;381,3;448,5;120;143;192;188,5;48;54;21,3;63
67;965;1032;324;324;396;389,5;100;114,5;145;204
68;729;783;260;262;306;287;70;88;93;146
69;434,4;445,5;156;139,5;148;160;48;55;82,4;91
70;135,6;155;56;55,5;51,5;58;16;20;12,1;21,5
71;318,8;313;122;102,5;129;103;32;42;35,8;65,5
72;127,5;136,5;48;45;52;46;16;20;11,5;25,5
73;1836,7;2135,5;670;680;928;961,5;168;207;70,7;287
74;383;422;120;121;192;187,5;48;54;23;59,5
75;392,1;430;132;132;180;168;56;68,5;24,1;61,5
76;187;221;72;71;70;85;30;34;15;31
77;131,5;162;50;48;44;50,5;24;30,5;13,5;33
78;131;172;50;49,5;44;53;24;28,5;13;41
79;250,5;282;96;95;88;92,5;20;28;46,5;66,5
80;256;286,5;96;94;93;88,5;20;29,5;47;74,5
81;729;807,5;260;256;306;305;70;94;93;152,5
82;729;809;260;257;306;295,5;70;85;93;171,5
83;1194;1267;418;414;508;464,5;130;164,5;138;224
84;960;985;324;317;396;367;100;118;140;183
85;139;142,5;51;45,5;50;47,5;24;28;14;21,5
86;505;527,5;202;203;214;201,5;60;72;29;51
87;659;866,5;220;268,5;306;365;80;129;53;104
88;657;852,5;220;261,5;306;397;80;82;51;112
89;52,8;81,5;15,5;18;18;16;4;14;15,3;33,5
90;209,2;290;62;83;70;74;24;40;53,2;93
91;209,2;272,5;62;74;70;56,5;24;38;53,2;104
92;118,6;192;46;67;42;50;16;33,5;14,6;41,5
93;118,6;184;46;60;42;50;16;29,5;14,6;44,5
94;118,6;174,5;46;45,5;42;50;16;33,5;14,6;45,5
95;413;513;160;156;164;164,5;44;52;45;140,5
96;414;497;160;156;164;167,5;44;49,5;46;124
97;162,3;227,5;64;81;60;67,5;16;35;22,3;44
98;301,6;354;119;116;128;128,5;38;56;16,6;53,5
99;124;156,5;46;57;48;49;14;22;16;28,5
100;958;1009;324;309;396;396,5;100;120;138;183,5
101;423,4;482,5;156;160,5;148;150;48;56;71,4;116
102;729;787;260;243;306;301;70;94;93;149
103;247,3;264;98;83,5;95;100,5;16;23;38,3;57
104;466;607,5;160;186;236;246,5;44;109;26;66
105;790,5;848;288;279,5;270;248;96;126,5;136,5;194
106;593,9;684;242;217;190;234,5;64;80;97,9;152,5
107;589,4;742;242;229;190;232;64;96;93,4;185
108;797,5;895,5;288;271;270;306,5;96;125,5;143,5;192,5
109;367,1;389,5;140;120;112;132,5;36;42,5;79,1;94,5
110;276,6;261;92;76;94;70;44;47;46,6;68
111;591,4;656;242;201;190;239,5;64;95;95,4;120,5
112;589,4;683;242;224;190;219,5;64;76;93,4;163,5
113;603,6;737,5;242;235;190;221,5;64;88;107,6;193
114;603,6;691,5;242;214;190;225;64;76;107,6;176,5
115;589,4;638;242;218;190;217,5;64;66,5;93,4;136
116;589,4;679;242;216,5;190;218,5;64;88,5;93,4;155,5
117;898,6;909,5;284;280;378;363;100;108;136,6;158,5
118;900,6;965;284;282;378;375;100;114;138,6;194
119;889;1235;298;294;356;367;100;131;135;443
120;878;1103,5;298;264;356;359,5;100;160;124;320
121;434,4;10;156;0;148;0;48;0;82,4;10
122;560,4;675,5;220;209,5;182;240;64;86;94,4;140
123;198,2;235;70;54,5;66;71;20;26;42,2;83,5
124;198,2;223,5;70;65;66;67;20;26;42,2;65,5
125;257,4;371;86;102;82;117;32;46;57,4;106
126;257,4;367;86;105;82;116;32;48;57,4;98
127;415,6;441;172;159;136;130;36;60;71,6;92
128;417,7;472,5;172;164,5;136;140,5;36;60;73,7;107,5
129;130;184,5;48;51;48;70;18;23,5;16;40
130;182,5;235;62;78;74;60,5;24;36;22,5;60,5
131;767;872,5;258;273;304;306;80;119;125;174,5
132;411,2;549;160;159;164;189;44;66;43,2;135
133;161;200;56;64;66;81,5;24;20;15;34,5
134;167;222,5;56;66;70;98,5;24;28,5;17;29,5
135;411,2;507;160;159;164;169;44;68;43,2;111
136;261,8;303,5;93;94;102;102;25;44;41,8;63,5
137;1426;1640,5;468;472;704;737,5;210;273;44;158
138;141,2;196,5;50;60;52;59,5;16;24;23,2;53
139;713;783;244;241;306;301;70;98;93;143
140;641,6;746;246;244;234;227;64;96;97,6;179
141;237,5;250;90;90;86;89;20;30;41,5;41
142;247,2;381;94;140;90;125;32;43;31,2;73
143;247,2;328;94;116;90;103,5;32;40,5;31,2;68
144;177,4;212,5;66;65;64;68;24;34,5;23,4;45
145;237,2;247;88;71;74;63;22;28;53,2;85
146;503,2;560,5;184;171,5;160;183;64;66,5;95,2;139,5
147;498,2;532;184;161;160;177;64;58;90,2;136
148;500,2;532;184;161;160;164;64;79;92,2;128
149;499,2;519;184;173,5;160;156;64;80;91,2;109,5
150;108,1;164;37;43;31;47;12;21;28,1;53
151;361,6;369;140;123;112;113;32;46;77,6;87
152;363,6;401,5;140;122;112;125;32;48;79,6;106,5
153;356,6;388,5;140;120;112;115;32;46;72,6;107,5
154;362,6;400;140;120,5;112;123;32;48;78,6;108,5
155;214;244;82;79;86;86;28;31,5;18;47,5
156;214,2;253;82;82,5;86;87;28;31;18,2;52,5
157;258;299;98;103;96;94;36;38;28;64
158;724;765,5;314;277,5;276;257,5;80;100;54;130,5
159;725,2;846;314;309;276;281;80;116;55,2;140
160;361,6;420;140;112;112;162,5;32;47,5;77,6;98
161;720,9;941,5;276;290,5;273;348,5;96;150;75,9;152,5
162;318,6;466,5;116;155,5;124;139;32;70;46,6;102
163;82,8;99,5;29;21,5;26;22,5;8;13;19,8;42,5
164;125,2;195,5;46;60;42;58,5;16;26;21,2;51
165;652,5;748;228;217,5;204;238;72;92;148,5;200,5
166;646,5;770,5;228;196,5;204;232;72;96,5;142,5;245,5
167;162,3;222;64;78;60;70,5;16;31;22,3;42,5
168;276,8;371,5;94;123;106;119;40;67,5;36,8;62
169;276,8;343,5;94;111;106;109;40;58,5;36,8;65
170;170,6;205;61;61;66;77,5;20;28;23,6;38,5
171;164;208;55;55;68;71,5;18;26;23;55,5
172;147;194;54;61;56;62,5;16;24,5;21;46
173;266,6;335,5;96;120;94;97,5;32;54;44,6;64
174;320;362;110;110;136;151,5;36;35,5;38;65
175;159;212;55;62;68;75,5;18;25;18;49,5
176;159;208;55;60;68;74,5;18;28;18;45,5
177;376,6;443,5;132;121;136;151;64;76;44,6;95,5
178;86;111,5;36;29;29;38;8;12;13;32,5
179;79,6;89;34;28;27;29,5;8;9;10,6;22,5
180;238,8;275;102;80,5;81;86,5;24;33;31,8;75
181;137,3;183,5;49;50;52;64,5;16;24;20,3;45
182;121,1;143,5;39;39;41;43,5;16;19;25,1;42
183;178,62;212;54;54,5;54;50,5;16;23;54,62;84
184;852;875,5;280;280;340;301;96;117,5;136;177
185;835,1;1039,5;330;322,5;273;351,5;96;119;136,1;246,5
186;713;777;244;238;306;294,5;70;89;93;155,5
187;559,4;635;220;207;182;204;64;80;93,4;144
188;558,4;650;220;219;182;209;64;82;92,4;140
189;434,6;484,5;160;159;188;177,5;44;68;42,6;80
190;198;220;74;70;82;78;24;30;18;42
191;380;424,5;126;124;174;155;56;85;24;60,5
192;423,5;507,5;140;165;177;197,5;70;61;36,5;84
193;354,3;428,5;118;120,5;168;182;48;62;20,3;64
194;355,8;409,5;118;121;168;179;48;56;21,8;53,5
195;634;672,5;208;203,5;252;239;70;86;104;144
196;154,1;178,5;58;57;60;60;18;24;18,1;37,5
197;194;227;74;64,5;78;88,5;24;32;18;42
198;182;234,5;64;67;74;91;28;34;16;42,5
199;644,5;815;228;227,5;204;258,5;72;108,5;140,5;220,5
200;638;764,5;210;204;208,5;247;72;101;147,5;212,5
201;217,3;249,5;80;76,5;94;89;22;30;21,3;54
202;414,6;409,5;176;134;174;149,5;36;45,5;28,6;80,5
203;413;446;129;126;222;212;42;48;20;60
204;337,1;385;126;109;98;116;32;45;81,1;115
205;241,2;272,5;94;71,5;76;97;22;34;49,2;70
206;241,2;264;94;80;76;89;22;34;49,2;61
207;491,2;566;176;160;160;177,5;64;80;91,2;148,5
208;491,2;577;176;164,5;160;207,5;64;80;91,2;125
209;358,6;420,5;140;131;112;133;32;47,5;74,6;109
210;363,6;414;140;130,5;112;132;32;47,5;79,6;104
211;807,6;802;276;241;345;283;60;101;126,6;177
212;850;948;280;278;340;323,5;96;121,5;134;225
213;178;207;62;68;70;76;24;29;22;34
214;844,9;900;296;298;434;420;84;98;30,9;84
215;228,9;308;82;91;86;94;32;53;28,9;70
216;736;742,5;252;248;366;349,5;72;78;46;67
217;342;391,5;132;109;136;155;32;46;42;81,5
218;211;272;77;79;82;98;34;44;18;51
219;543,1;585;184;179;252;252;72;87;35,1;67
220;414,6;474,5;176;160,5;174;182,5;36;58;28,6;73,5
221;398;439;124;116;215;207;42;58;17;58
222;386;439;118;114;209;212,5;42;55;17;57,5
223;557,4;641,5;220;190;182;214,5;64;86;91,4;151
224;410,6;513;144;150,5;184;223;64;76;18,6;63,5
225;475,3;658;162;192;214;299;60;72;39,3;95
226;204;247,5;80;77,5;64;86;16;22,5;44;61,5
227;127,4;175;46;51,5;42;57;16;21,5;23,4;45
228;127,4;158,5;46;53;42;46;16;21,5;23,4;38
229;63,6;84;23;25,5;21;25,5;8;11;11,6;22
230;124,2;187,5;46;51;42;63,5;16;28;20,2;45
231;124,2;180;46;48,5;42;61;16;26;20,2;44,5
232;124,2;177;46;51;42;54;16;24,5;20,2;47,5
233;62,1;95;23;22;21;31,5;8;14;10,1;27,5
234;125,2;164;46;53;42;46,5;16;24;21,2;40,5
235;125,2;181;46;51;42;52,5;16;24;21,2;53,5
236;125,2;181;46;47;42;63;16;26;21,2;45
237;184,2;243,5;58;57;46;59;22;33;58,2;94,5
238;174,8;222;69;68,5;64;89,5;18;27;23,8;37
239;235,6;278,5;78;76;96;89;40;57;21,6;56,5
240;290;346;96;97;138;136;36;44;20;69
241;616;679,5;232;205,5;226;223;60;91,5;98;159,5
242;558,4;649,5;220;197,5;182;205,5;64;92;92,4;154,5
243;243,2;288;94;82;76;87;22;30;51,2;89
244;383,6;445,5;134;130;124;138,5;36;57;89,6;120
245;383,6;438,5;134;124;124;136;36;60,5;89,6;118
246;410;484;136;138;196;225;56;68;22;53
247;394;446,5;126;122;190;186;56;72;22;66,5
248;201,24;254,5;62;74;70;56,5;16;24;53,24;100
249;89,65;101;33;32;31;35,5;16;16;9,65;17,5
250;408,6;476,5;160;154;164;164;44;60;40,6;98,5
251;408,6;474;160;148;164;163;44;57;40,6;106
252;262;295,5;96;92;92;84;36;46;38;73,5
253;414,6;506,5;176;172;174;186,5;36;69;28,6;79
254;361,6;395;140;107;112;125;32;53;77,6;110
255;118,31;128,5;41;42;45;43,5;16;13;16,31;30
256;383,6;445,5;134;125;124;141;36;56;89,6;123,5
257;586,2;705,5;224;226;212;218;64;101,5;86,2;160
258;529;604,5;174;181;244;249;76;89;35;85,5
259;350,6;450,5;136;132;160;148,5;32;51,5;22,6;118,5
260;81,1;108,5;23;25;22;30,5;8;12;28,1;41
261;268;283;94;90;106;97;40;48;28;48
262;268;276;94;83;106;109;40;47;28;37
263;355,6;395,5;134;108,5;112;129;32;54;77,6;104
264;355,8;455;135;123,5;114;145,5;33;69;73,8;117
265;557,4;673;220;197,5;182;218;64;98;91,4;159,5
266;1306,7;1844,5;476;633;486;675,5;144;188;200,7;348
267;1309,2;1932,5;476;618,5;486;702;144;173;203,2;439
268;1325,2;1791,5;476;615;486;650;144;174;219,2;352,5
269;124,1;119,5;46;34;44;45;11;16,5;23,1;24
270;312;376,5;126;112,5;120;142;32;42;34;80
271;168;185;61;52,5;66;80;20;26;21;26,5
272;393,6;421;156;133;128;124,5;36;58;73,6;105,5
273;308;380,5;102;103;132;166;36;54,5;38;57
274;156;198,5;56;54;68;74;18;27;14;43,5
275;177;239;64;67;70;94;30;39,5;13;38,5
276;165;208,5;58;60;76;86,5;18;25,5;13;36,5
277;203,4;203;62;61;70;48,5;24;32;47,4;61,5
278;243,35;457;63,5;119,5;61,25;79;20;42;98,6;216,5
279;301;361,5;100;100;144;150;32;48;25;63,5
280;493;569;148;152;257;270,5;62;78;26;68,5
281;488,2;603;180;166;156;189;64;96;88,2;152
282;406,8;408,5;124;129,5;140;85;48;76;94,8;118
283;488,2;629,5;180;168,5;156;203;64;96,5;88,2;161,5
284;406,8;466;124;121;140;120;48;64;94,8;161
285;87;98;31;27,5;34;36;12;16;10;18,5
286;170;185,5;54;53,5;68;70;28;32,5;20;29,5
287;341;409,5;119;121;161;166;42;58;19;64,5
288;133;183,5;46;50;51;81;20;24;16;28,5
289;912;1095;336;352;384;397;144;164;48;182
290;908;1020,5;336;350;384;361,5;144;166;44;143
291;908;1071;336;353;384;397;144;172;44;149
292;355,6;409;134;116;112;121;32;62;77,6;110
293;351,6;429,5;134;118;112;122;32;60,5;73,6;129
294;352,6;387;134;120,5;112;120;32;54,5;74,6;92
295;377,6;424;132;126,5;124;127;36;66;85,6;104,5
296;783,6;819;252;268;327;264;60;96;144,6;191
297;379,6;455,5;134;131;124;133;36;67;85,6;124,5
298;217,6;305;68;92;64;94;24;38;61,6;81
299;321,5;515,5;108;154;129;164,5;36;77,5;48,5;119,5
300;366,5;634,5;108;186;129;168;36;132;93,5;148,5
301;469,2;502;156;135,5;156;138;60;81,5;97,2;147
302;125,2;194;46;49;42;63;16;29;21,2;53
303;125,2;175,5;46;49;42;54,5;16;26;21,2;46
304;125,2;196;46;59;42;62;16;26;21,2;49
305;125,2;94,5;46;25,5;42;29;16;13,5;21,2;26,5
306;261,6;269,5;90;76;94;85;44;54;33,6;54,5
307;261,6;267;90;87,5;94;78;44;54,5;33,6;47
308;370;386,5;132;126;166;135;40;56;32;69,5
309;377,6;466,5;132;127,5;124;145;36;62;85,6;132
310;1835,2;1995,5;672;704,5;928;875;168;229;67,2;187
311;294,6;361;92;101;102;136;36;43,5;64,6;80,5
312;641;877;220;240;292;412;80;108;49;117
313;329,6;397,5;124;113;98;121;32;58;75,6;105,5
314;669;848,5;240;288;320;371;72;88;37;101,5
315;176;234;74;72;65;83;24;33;13;46
316;355,6;411,5;134;115,5;112;130;32;55;77,6;111
317;377,6;427;132;130,5;124;128,5;36;64;85,6;104
318;639;913;220;263;292;385;80;125;47;140
319;126;156,5;47;44,5;51;66;16;21;12;25
320;312;396;126;113,5;120;157,5;32;48;34;77
321;219,2;273;72;86;72;64;24;41;51,2;82
322;304;401,5;118;130;120;146;32;53;34;72,5
323;85;117;36;42;31;35;12;16;6;24
324;781,6;829;252;236;327;282;60;96;142,6;215
325;352,6;444,5;116;117;156;189;40;61;40,6;77,5
326;379,6;490,5;132;119;124;120;36;83;87,6;168,5
327;377,6;469;132;122,5;124;121;36;84;85,6;141,5
328;553,4;646;218;197,5;182;217;64;87;89,4;144,5
329;732,3;886,5;270;252,5;234;283;96;131,5;132,3;219,5
330;732,3;776;270;194,5;234;242,5;96;138;132,3;201
331;802,3;901;267;255;234;298,5;96;136;205,3;211,5
332;801,3;916;267;269;234;275;96;157;204,3;215
333;729,3;954,5;267;312,5;234;268,5;96;152,5;132,3;221
334;244;309;96;98;88;98;36;48;24;65
335;741,3;959;267;310;234;280;96;103;144,3;266
336;175,1;224,5;46;50;55;50;24;40,5;50,1;84
337;93,6;107;36;37;31;22;16;24;10,6;24
338;93,6;120;36;37;31;31;16;23;10,6;29
339;331;381,5;130;132;145;145;36;50;20;54,5
340;743,2;886,5;234;267;306;334,5;70;98;133,2;187
341;743,2;892;234;266;306;339,5;70;105;133,2;181,5
342;741,2;867,5;232;283;306;308;70;100;133,2;176,5
343;126;143,5;47;40;51;50,5;16;24;12;29
344;126;139,5;47;43;51;45,5;16;25;12;26
345;268,6;357,5;92;114,5;102;129;40;60;34,6;54
346;363,6;417;134;125;112;139;32;59;85,6;94
347;252,9;314,5;102;112;81;97;36;50;33,9;55,5
348;252,9;320,5;102;110;81;98,5;36;45;33,9;67
349;390;452,5;136;140;168;177;60;69;26;66,5
350;202,3;237;80;75;68;68,5;16;32;38,3;61,5
351;260;366;84;99;114;133;24;46;38;88
352;404,6;510;152;144;132;152;32;79;88,6;135
353;371;397;153;156;151;143;40;40;27;58
354;402,6;511;152;142;132;165;32;79;86,6;125
355;314;432;104;114;136;194,5;40;58;34;65,5
356;145,6;150;41;41;45;62;11;21;48,6;26
357;123,6;177,5;38;54,5;43;52;16;29;26,6;42
358;123,6;155,5;38;45;43;50;16;23;26,6;37,5
359;142,4;172,5;58;62;42;51,5;24;32;18,4;27
360;553,4;697;218;201;182;224;64;99;89,4;173
361;614;589;234;228;273;220;72;78;35;63
362;236,2;280,5;84;83;95;94;38;46;19,2;57,5
363;390;426;136;140;168;160;60;70;26;56
364;321;392,5;116;107;94;130;32;39,5;79;116
365;377,6;380,5;124;120;98;128,5;32;46;123,6;86
366;562,4;702,5;180;212;176;200,5;72;99;134,4;191
367;656,4;653,5;180;197,5;176;186;72;93;228,4;177
368;306;423,5;102;109;132;179;36;52,5;36;83
369;150;203,5;50;56;68;91;18;24;14;32,5
370;154;218,5;52;61;66;88;18;23,5;18;46
371;154;216;52;64;66;84;18;25,5;18;42,5
372;315;410;102;103,5;132;159,5;36;55,5;45;91,5
373;141,8;167,5;40;45;50;62;16;20;35,8;40,5
374;2664,2;3061,5;854;992;1176;1120,5;448;543,5;186,2;405,5
375;84;104,5;30;32;32;26;12;21,5;10;25
376;620,2;797;186;226;242;288,5;70;102;122,2;180,5
377;618,2;802,5;186;225;242;303;70;94;120,2;180,5
378;623,2;785;186;218;242;304;70;96;125,2;167
379;218,6;313;75;111,5;101;113;24;48;18,6;40,5
380;249;318;89;106,5;110;125;30;38;20;48,5
381;249;324;89;108;110;121,5;30;43;20;51,5
382;207,4;245,5;58;69,5;76;63;24;37,5;49,4;75,5
383;475;535,5;168;174;212;214,5;70;78;25;69
384;310;397;118;143;120;146;32;45;40;63
385;310;433;118;132;120;192;32;51;40;58
386;310;420,5;118;147,5;120;145;32;56;40;72
387;164,2;150;44;56,5;54;33;20;24;46,2;36,5
388;164,2;161,5;44;48;54;30;20;24;46,2;59,5
389;232,4;301;88;92;84;109;32;42;28,4;58
390;232,4;303;88;100;84;106;32;41;28,4;56
391;235,2;214,5;82;76,5;82;55;22;33;49,2;50
392;236,6;261;82;85,5;82;67;22;33;50,6;75,5
393;236,6;253;82;87;82;67;22;34;50,6;65
394;236,6;229,5;82;75,5;82;64;22;36;50,6;54
395;236,6;236;82;61,5;82;66;22;30;50,6;78,5
396;236,6;231,5;82;56;82;63;22;30;50,6;82,5
397;236,6;256;82;63;82;76;22;29;50,6;88
398;413;506,5;130;152;205;234;56;56;22;64,5
399;1835,2;2050;672;702;928;852;168;234;67,2;262
400;406,6;438,5;176;164,5;166;148;36;52;28,6;74
401;133;187,5;46;57;51;85;20;20;16;25,5
402;133,1;188,5;49;58;51;61;18;27;15,1;42,5
403;329,2;345;90;86;88;107;36;48;115,2;104
404;223,2;225,5;82;70;70;65;22;32;49,2;58,5
405;338,2;425,5;130;122;100;123,5;32;53,5;76,2;126,5
406;353,2;435;134;154;136;127;48;60;35,2;94
407;555,2;693,5;180;176,5;176;199,5;72;101;127,2;216,5
408;555,2;668,5;180;183,5;176;195;72;98;127,2;192
409;277,6;303,5;90;84;88;94,5;36;47;63,6;78
410;561;649;218;166;182;221;64;76,5;97;185,5
411;561;650;218;173;182;226;64;77;97;174
412;209,4;222;58;63;76;50;24;32;51,4;77
413;359,4;454;108;139;129;139;36;75;86,4;101
414;575;579,5;188;186,5;283;242,5;82;92;22;58,5
415;85,1;130,5;30;39,5;32;44;12;17,5;11,1;29,5
416;224;293;88;96;74;85;32;46;30;66
417;396,6;419,5;160;152;164;159;44;62;28,6;46,5
418;405,9;493;160;170;164;168;44;66;37,9;89
419;398;423;160;152,5;164;158,5;44;52;30;60
420;403;497,5;160;160,5;164;182;44;60;35;95
421;167,3;193;60;53,5;60;77;16;24;31,3;38,5
422;167,3;179,5;60;43;60;69;16;22,5;31,3;45
423;377,6;407,5;132;111,5;124;140;36;43,5;85,6;112,5
424;377,6;410,5;132;118;124;157,5;36;42;85,6;93
425;161,3;259,5;53;68;66;115;24;34;18,3;42,5
426;160,5;238,5;53;61,5;66;103;24;31,5;17,5;42,5
427;603,9;776;228;186,5;198;294,5;48;88,5;129,9;206,5
428;240;267;83,5;76,5;61,25;91;20;44;75,25;55,5
429;182,75;249,5;83,5;73;61,25;86;20;40;18;50,5
430;182,75;268;83,5;65;61,25;96;20;50;18;57
431;182,75;278;83,5;73;61,25;87;20;60;18;58
432;182,75;282;83,5;63;61,25;106,5;20;60;18;52,5
433;226,2;308;76;91,5;90;114;32;46;28,2;56,5
434;365,3;432;136;145;161;169;44;52;24,3;66
435;308;394;114;115;120;152;32;42,5;42;84,5
436;302,6;427;114;143;120;157;32;57;36,6;70
437;272;299;94;86;106;114;40;48;32;51
438;272;318;94;99;106;97;40;56;32;66
439;557,4;591;220;212;182;185;64;27;91,4;167
440;557,4;627,5;220;240,5;182;226;64;48;91,4;113
441;138,6;148,5;47;46;53;46;20;26;18,6;30,5
442;149;202,5;46;46;65;92;20;28;18;36,5
443;155,6;113,5;59;45;60;34;16;2;20,6;32,5
444;621,1;906;186;240;242;358;70;122;123,1;186
445;243,3;260,5;83;75;96;88;20;32;44,3;65,5
446;198,2;211;72;57,5;74;63,5;24;32;28,2;58
447;406,6;440,5;176;128,5;166;153,5;36;54;28,6;104,5
448;833;907;264;267;340;301,5;96;146,5;133;192
449;833;902,5;264;262,5;340;310;96;129;133;201
450;833;936,5;264;260;340;347,5;96;134;133;195
451;833;950,5;264;268;340;374;96;135;133;173,5
452;383,4;510;144;160,5;160;178,5;40;56;39,4;115
453;202,2;223;62;63;66;55;24;30,5;50,2;74,5
454;383,4;498;144;150,5;160;172,5;40;57;39,4;118
455;477,9;665;156;186,5;210;255;48;82;63,9;141,5
456;699;815,5;240;260;286;306;70;86;103;163,5
457;699;970;240;289;286;341;70;120;103;220
458;755,2;913;264;227,5;248;295,5;72;112;171,2;278
459;758,4;981,5;264;275;248;282;72;136;174,4;288,5
460;186,9;152,5;83,5;63;61,25;37;20;30;22,15;22,5
461;206;202;73;53,5;91;92;24;28;18;28,5
462;199;204;72;53;68;60;40;44;19;47
463;187,3;204,5;58;60;76;63;24;32;29,3;49,5
464;134,6;141,5;47;39;51;45;20;26;16,6;31,5
465;197,6;226;70;62;89;88;24;30;14,6;46
466;179,4;205,5;56;72;58;36,5;24;32;41,4;65
467;179,4;255,5;56;64;58;92,5;24;34;41,4;65
468;618;728,5;210;258;290;279;86;91;32;100,5
469;330,6;447;126;103,5;104;144,5;32;72;68,6;127
470;334,6;427,5;130;109;104;115;32;69,5;68,6;134
471;332,6;448;126;130;104;145;32;54;70,6;119
472;333,6;422;126;104;104;137;32;60;71,6;121
473;337,6;431;130;116;104;126;32;64;71,6;125
474;500,4;657;189;181,5;156;212;48;86,5;107,4;177
475;230;235;92;70,5;82;84;32;38,5;24;42
476;168,2;209;48;49;50;71;20;26,5;50,2;62,5
477;913;931,5;272;294,5;504;388;92;147,5;45;101,5
478;206,7;217;76;75;74;67,5;32;37,5;24,7;37
479;169,4;192,5;56;65;46;44;24;34;43,4;49,5
480;169;230,5;48;46;50;72;20;33;51;79,5
481;170,2;256,5;48;70;50;68,5;20;35;52,2;83
482;142;201,5;48;61;54;71;20;26;20;43,5
483;306;401;102;107;132;171,5;36;48;36;74,5
484;315;443;102;151;132;147;36;76;45;69
485;252;193,5;83,5;71,5;61,25;45,5;20;44;87,25;32,5
486;252;175;83,5;66,5;61,25;37,5;20;39,5;87,25;31,5
487;252;161,5;83,5;66;61,25;35;20;28;87,25;32,5
488;182,75;225;83,5;74,5;61,25;67,5;20;44;18;39
489;182,75;240,5;83,5;82,5;61,25;86,5;20;40,5;18;31
490;182,75;225;83,5;79,5;61,25;75,5;20;41;18;29
491;182,75;205;83,5;71,5;61,25;67,5;20;40;18;26
492;182,75;238,5;83,5;65;61,25;85;20;51,5;18;37
493;182,75;227,5;83,5;69;61,25;75;20;53;18;30,5
494;182,75;233;83,5;68;61,25;76,5;20;53,5;18;35
495;182,75;236;83,5;79;61,25;72,5;20;52,5;18;32
496;182,75;237;83,5;72;61,25;79,5;20;60;18;25,5
497;182,75;246,5;83,5;70,5;61,25;85,5;20;60;18;30,5
498;182,75;227,5;83,5;69;61,25;70;20;55;18;33,5
499;182,75;240,5;83,5;77;61,25;76,5;20;59,5;18;27,5
500;182,75;243,5;83,5;68,5;61,25;89;20;58,5;18;27,5
501;182,75;250,5;83,5;75;61,25;89;20;58,5;18;28
502;182,75;231;83,5;78;61,25;64;20;59;18;30
503;182,75;244,5;83,5;82,5;61,25;70,5;20;60;18;31,5
504;206,7;203;76;69,5;74;48;32;40;24,7;45,5
505;230,65;214,5;82;58;100;88;30;33;18,65;35,5
506;338,6;384,5;134;107;104;106;32;70,5;68,6;101
507;338,6;342;134;101;104;106;32;52,5;68,6;82,5
508;338,6;469,5;134;155;104;108;32;86;68,6;120,5
509;346,6;481,5;134;138;104;148;32;87;76,6;108,5
510;338,6;435,5;134;143;104;134;32;48;68,6;110,5
511;245,6;335;88;97;102;103;32;45;23,6;90
512;1422;1569,5;546;572;588;558;216;253,5;72;186
513;186,8;232;69;69,5;64;82,5;18;31;35,8;49
514;605;740;166;203;326;317;80;135;33;85
515;633;907,5;186;259;242;316;70;98,5;135;234
516;630;863;186;251;242;307;70;106;132;199
517;169;237;58;78;76;86;18;23;17;50
518;636;938,5;186;266,5;242;326,5;70;130;138;215,5
519;639,6;756,5;227;218,5;296;318;72;98,5;44,6;121,5
520;361,6;455,5;134;119;124;171,5;32;57,5;71,6;107,5
521;361,6;469,5;134;130;124;175;32;58;71,6;106,5
522;361,6;509,5;134;143;124;189;32;55;71,6;122,5
523;361,6;477,5;134;125,5;124;178,5;32;58;71,6;115,5
524;151;161,5;48;43;65;63;20;24;18;31,5
525;136,6;174,5;49;50;54;63,5;16;22;17,6;39
526;342;474,5;104;139;152;196,5;48;65;38;74
527;260,6;371,5;88;98,5;98;153,5;40;56;34,6;63,5
528;334,6;527;104;155;142;229;48;63;40,6;80
529;636,2;1037,5;216;385;292;447;80;82,5;48,2;123
530;372,2;437;132;126,5;166;139;40;56;34,2;115,5
531;93;114;36;33;33;35;12;18;12;28
532;375,3;485;122;134;183;208;48;68,5;22,3;74,5
533;247;373;88;105;98;115;32;45;29;108
534;247;386;88;120;98;109;32;62;29;95
535;272;351;94;101;106;124;40;48;32;78
536;314;451,5;118;137,5;120;172;32;48;44;94
537;111,3;151,5;42;41;40;42;16;23;13,3;45,5
538;270;359;96;93;108;149,5;36;47;30;69,5
539;527;682,5;208;196;168;214;64;98,5;87;174
540;525,4;743;208;211;168;223;64;119;85,4;190
541;527,4;615;208;190;168;210;64;102;87,4;113
542;525,4;687;208;196;168;214;64;95;85,4;182
543;52,9;80;22;23,5;21,5;22;6;9,5;3,4;25
544;52,9;85;22;23,5;21,5;25;6;10,5;3,4;26
545;133;183,5;41;44;46;50;22;35;24;54,5
546;205;288,5;70;81,5;95;107,5;24;39;16;60,5
547;556,5;744,5;222;238;213;232;72;96,5;49,5;178
548;303,2;452,5;114;120,5;118;174,5;40;55,5;31,2;102
549;687;713;239;245;334;298;72;85;42;85
550;236;342;88;88,5;84;109;32;68;32;76,5
551;236;346;88;98,5;84;95;32;79,5;32;73
552;99,3;114;32;34;34;38;20;23;13,3;19
553;87;122,5;31;27;34;41;12;17,5;10;37
554;312;443;118;153;120;150;32;53;42;87
555;311,5;397,5;118;121;120;154;32;50,5;41,5;72
556;106,6;156,5;42;42;34;51;16;24;14,6;39,5
557;579,2;774,5;220;263,5;204;255,5;64;83,5;91,2;172
558;243;300;84;90;94;103;40;46;25;61
559;89;122,5;31;31;34;39;12;26,5;12;26
560;89;120,5;31;38;34;41;12;12;12;29,5
561;163;181;55;49;70;70;20;24;18;38
562;92,1;121;30;36;39;36;12;23;11,1;26
563;229,2;296;68;82;78;82;32;53;51,2;79
564;510,6;609,5;206;191,5;202;198,5;80;112,5;22,6;107
565;412,6;557,5;134;151,5;172;201,5;68;104;38,6;100,5
566;235,6;297,5;80;92;100;114;32;34,5;23,6;57
567;235,6;361,5;80;117;100;113;32;48,5;23,6;83
568;923,6;1022,5;276;253;504;428;92;138;51,6;203,5
569;161,3;252,5;53;101,5;66;98;24;19,5;18,3;33,5
570;407,3;552;132;177;187;215;56;68;32,3;92
571;116;151,5;40;49,5;43;56;16;12,5;17;33,5
572;315,6;374,5;107;119;115;127;54;57,5;39,6;71
573;547,2;637;180;201;250;227,5;54;79;63,2;129,5
574;338,6;381,5;130;123,5;104;134,5;32;57;72,6;66,5
575;338,6;436,5;130;147;104;149,5;32;52;72,6;88
576;559,4;573,5;220,8;188;232,4;185;80;117;26,2;83,5
577;89,1;115,5;30;31;27;23;8;13,5;24,1;48
578;89,1;109,5;30;22;27;21;8;13,5;24,1;53
579;249;287,5;81;95;106;103;28;37;34;52,5
580;249;266;81;79;106;97;28;37;34;53
581;383,6;504;122;133;183;217;48;75;30,6;79
582;224;310;60;86;62;87;24;44;78;93
583;417,6;457;136;152;192;179;56;41;33,6;85
584;101,1;122;34;32,5;38;37;16;15;13,1;37,5
585;391;551,5;128;142;124;152,5;48;94;91;163
586;265,2;285;90;98;102;99;40;39;33,2;49
587;159;275,5;49;92;66;103;20;41;24;39,5
588;352,3;590;104;159;140;175;32;88;76,3;168
589;618,2;978,5;186;288,5;242;319;70;136;120,2;235
590;289,5;374;79;104;135;148;40;56;35,5;66
591;393;470;122;130,5;183;193;48;59,5;40;87
592;294,5;360;79;125;135;142;40;45;40,5;48
593;293,3;364;79;125,5;135;135;40;42;39,3;61,5
594;375;520;118;163;180;190,5;50;97;27;69,5
595;367,6;525;104;138;140;158;32;83,5;91,6;145,5
596;105,1;139;29;42,5;36;26;12;18;28,1;52,5
597;365,3;429;155;159;134;133;40;59;36,3;78
598;187,8;239,5;64;73;74;72,5;28;39;21,8;55
599;196,6;226,5;60;61;78;87;28;32;30,6;46,5
600;332,6;393,5;134;95,5;104;113;32;75;62,6;110
601;672,9;795;174;203,5;282;302;54;130;162,9;159,5
602;175,6;257,5;62;81;67;85;24;33;22,6;58,5
603;123,1;197;44;63;37;49;16;30;26,1;55
604;389,6;496;128;145;124;157;48;70;89,6;124
605;246,4;348,5;72;98;78;91;30;66;66,4;93,5
606;236;330;75;80,5;101;138;28;68,5;32;43
607;236;330;75;87;101;124;28;62;32;57
608;542,2;758,5;218;231;168;241,5;64;95;92,2;191
609;72,6;94;18;30;21;22;8;13;25,6;29
610;539,6;670,5;218;186;168;241;64;88;89,6;155,5
611;206;299;64;99,5;80;108;28;33;34;58,5
612;52,2;56;17;18,5;14,5;14;8;12;12,7;11,5
613;210,8;260;70;78;95;102;24;22;21,8;58
614;775,5;921;285;262,5;234;306;96;114,5;160,5;238
615;757,5;1014,5;267;308;234;302;96;153;160,5;251,5
616;677,2;944,5;198;301,5;242;317;76;107;161,2;219
617;834;867;260;254;318;302,5;100;115;156;195,5
618;896,2;1026,5;256;303,5;360;366;120;130;160,2;227
619;615;704,5;228;204;204;241,5;72;99,5;111;159,5
620;389,6;510;128;185,5;124;136,5;48;66;89,6;122
621;574;921,5;180;274,5;168;219;48;149;178;279
622;516,2;719;180;219;160;216;64;96;112,2;188
623;212,6;259;66;73,5;86;107;28;26;32,6;52,5
624;256;329;76;108;82;87;30;61;68;73
625;240;323;74;115,5;87;89;26;34;53;84,5
626;261,2;333,5;88;99;102;126;40;45;31,2;63,5
627;233,2;310,5;78;103;86;108,5;32;42;37,2;57
628;229,4;283;78;80;86;103;32;50;33,4;50
629;203,4;297;56;73;54;88;32;60;61,4;76
630;372;408,5;142;126;104;119;40;63;86;100,5
631;188;222,5;56;75;68;77;30;24,5;34;46
632;549,8;709,5;156;210;208;246;64;118;121,8;135,5
633;346;400;112;117;120;122;40;67,5;74;93,5
634;346;481;112;129;120;203;40;50,5;74;98,5
635;257,2;340;88;87;84;105;32;61;53,2;87
636;653,6;1088,5;242;336;264;433;88;170,5;59,6;149
637;46;62;16;15;13;17;8;8;9;22
638;553,4;689;206;181;202;228;86;145;59,4;135
639;550,8;600,5;206;177,5;202;206,5;86;103;56,8;113,5
640;620,3;886,5;183;261;255;366;90;151;92,3;108,5
641;628,1;840;182;265,5;222;227;76;114;148,1;233,5
642;628;757,5;182;211,5;222;236,5;76;113;148;196,5
643;628;737,5;182;238,5;222;238,5;76;80,5;148;180
644;565;622;206;211;202;198;102;102;55;111
645;565;554,5;206;173;202;173;102;103;55;105,5
646;685,5;848,5;174;248,5;282;274,5;54;131;175,5;194,5
647;376,6;388,5;106;114,5;168;142;52;69,5;50,6;62,5
648;1167,5;1160;474;362;396;402,5;180;205;117,5;190,5
649;164;207;48;65;67;75;26;28,5;23;38,5
650;163,7;198,5;48;60;67;80;26;27;22,7;31,5
651;162;186,5;49;63;63;67;26;25;24;31,5
652;169;184;51;55,5;67;64,5;26;31;25;33
653;169;6;52;0;69;0;28;0;20;6
654;169;6;52;0;69;0;28;0;20;6
655;759,2;904,5;254;269;248;331,5;100;87;157,2;217
656;98;118,5;28;35;25;28;12;22;33;33,5
657;864,2;1027,5;384,1;361;281,75;305,5;92;208;106,35;153
658;278,4;393;88;107;106;124;32;59;52,4;103
659;372;479,5;106;133;150;161;60;86,5;56;99
660;120,4;168;42;41;33;35;16;26;29,4;66
661;1008;1176;296;361;496;557,5;136;123;80;134,5
662;210,5;219,5;63;71;95;74;26;31;26,5;43,5
663;860,2;916;384,1;300;281,75;296,5;92;180;102,35;139,5
664;860,2;1040;384,1;318;281,75;332;92;249,5;102,35;140,5
665;860,2;1012;384,1;310;281,75;317;92;224;102,35;161
666;860,2;994;384,1;315,5;281,75;326,5;92;203;102,35;149
667;935;1127;417,5;440;306,25;351;100;172;111,25;164
668;37,4;62;16,7;41,5;12,25;13;4;5;4,45;2,5
669;376;436,5;128;138,5;124;131;48;60;76;107
670;414;487,5;128;153,5;168;136,5;80;97;38;100,5
671;565,6;677,5;196;187,5;176;216,5;80;101;113,6;172,5
672;563,6;668,5;196;185,5;176;230;80;103;111,6;150
673;391,6;453,5;128;129,5;124;159;48;61;91,6;104
674;557,6;761;196;247,5;176;240,5;80;107;105,6;166
675;563,6;775;196;274;176;240,5;80;83;111,6;177,5
676;832;931,5;260;297;318;295;100;111;154;228,5
677;374;394,5;142;118;104;127;40;58,5;88;91
678;715,5;1049,5;244;325;276;410;92;112;103,5;202,5
679;415;564,5;128;180;190;222;54;67;43;95,5
680;512,3;534,5;150;169;243;222,5;72;56;47,3;87
681;453;532;132;166,5;200;211,5;60;66;61;88
682;453;563;132;165,5;200;233;60;67,5;61;97
683;453;574,5;132;150,5;200;203,5;60;95,5;61;125
684;425;581,5;128;191;132;172,5;48;63;117;155
685;425;531;128;166,5;132;160,5;48;80;117;124
686;453;513,5;132;162,5;200;206;60;73;61;72
687;434;539,5;128;166,5;210;229,5;54;60;42;83,5
688;391,6;497;128;146;124;159,5;48;72;91,6;119,5
689;391,6;509,5;128;146;124;148,5;48;81,5;91,6;133,5
690;638;672,5;176;239;286;268;118;75;58;90,5
691;859;1050,5;211;293,5;456;430;126;168;66;159
692;858;1005,5;209;264;456;440,5;126;148,5;67;152,5
693;857;1009;211;293;456;394,5;126;147;64;174,5
694;356;429;142;127,5;104;131;40;57,5;70;113
695;354;394,5;142;112,5;104;119,5;40;64,5;68;98
696;443;604;128;162,5;180;221;56;105,5;79;115
697;393;445;152;131;104;136;44;56,5;93;121,5
698;675,2;951;198;313;242;308,5;76;109;159,2;220,5
699;632;702,5;182;255,5;222;212;76;69;152;166
700;629;728,5;182;247,5;222;216;76;107;149;158
701;291,5;310,5;114;95;89;87;36;39;52,5;89,5
702;792;905;236;284;332;343,5;136;143;88;134,5
703;261,5;278,5;85;90;108;108;36;42;32,5;38,5
704;318;335,5;96;115,5;90;79;32;39,5;100;101,5
705;393;484;122;155;183;206;48;50;40;73
706;267;296,5;81;92,5;122;113;30;49,5;34;41,5
707;108,1;115;28;43;36;21;12;17,5;32,1;33,5
708;624;762,5;182;263,5;222;217,5;76;117,5;144;164
709;565;654,5;206;230,5;202;210;102;109;55;105
710;565;644,5;206;238;202;188;102;106;55;112,5
711;364;538;123;197;138;180,5;46;72,5;57;88
712;126,5;168,5;42;65;37;50;16;23;31,5;30,5
713;337,2;506,5;102;154;122;194;58;60,5;55,2;98
714;337,2;368;102;134;122;94,5;58;71,5;55,2;68
715;105,5;147;30;51;37;37;16;22;22,5;37
716;441;552;148;196;160;187;48;59;85;110
717;261,2;264,5;88;83,5;102;87;40;36;31,2;58
718;280;374;92;117;114;141;32;54;42;62
719;318;369;100;110;138;143;36;48;44;68
720;261,2;316,5;88;114,5;102;101,5;40;52;31,2;48,5
721;254,2;343,5;64;95;98;110;40;41,5;52,2;97
722;254,2;367;64;107,5;98;112;40;75,5;52,2;72
723;435;484;132;149;140;169;48;64;115;102
724;431;563,5;132;190;140;173;48;63;111;137,5
725;629;816;182;234;222;255,5;76;151;149;175,5
726;385;363;126;144;164;121,5;58;46;37;51,5
727;385;354;126;117,5;164;131;58;49;37;56,5
728;352;449;130;185,5;145;161;40;37;37;65,5
729;376;389,5;142;130;104;110;40;54;90;95,5
730;675,2;1010,5;198;315,5;242;359,5;76;127,5;159,2;208
731;748;929,5;240;330;290;288;80;117;138;194,5
732;260,6;351;84;92;80;107,5;56;68,5;40,6;83
733;217;202,5;56;49,5;70;48,5;28;31,5;63;73
734;378;417;142;129;104;124,5;40;65,5;92;98
735;378;438,5;142;118;104;130;40;76,5;92;114
736;529,5;743;174;311;147;155;48;92;160,5;185
737;235;252,5;72;92;74;46;24;48;65;66,5
738;529,5;674;174;229;147;283;48;69;160,5;93
739;271,5;393,5;74;128;92;115;48;50;57,5;100,5
740;271;370,5;74;122,5;92;110,5;48;54,5;57;83
741;559;598;206;187;170;211,5;76;86;107;113,5
742;559;616;206;187,5;170;190;76;87,5;107;151
743;254;296,5;76;90,5;90;114;40;31,5;48;60,5
744;254;324;76;114,5;90;98,5;40;45;48;66
745;254;298;76;95;90;119;40;28,5;48;55,5
746;254;305,5;76;95;90;110;40;44;48;56,5
747;261,2;344;88;98;102;154;40;52;31,2;40
748;326;392,5;100;98;122;192;48;42;56;60,5
749;326;452,5;100;115;122;193;48;71;56;73,5
750;374;461;142;146,5;104;126,5;40;64;88;124
751;675,2;949;198;315;242;323;76;113;159,2;198
752;571;639,5;206;220,5;202;196;102;105,5;61;117,5
753;571;657;206;220,5;202;208;102;106,5;61;122
754;60,5;86;13;22,5;14,5;18;6;14;27;31,5
755;382;413,5;142;120,5;104;116;40;69;96;108
756;372;411,5;142;117,5;104;112;40;65;86;117
757;500,5;583,5;144;203,5;228;222;82;69;46,5;89
758;494;716;116;239;188;222,5;88;112;102;142,5
759;347;540;100;185;140;193;56;72,5;51;89,5
760;493,6;556;152;177,5;148;164;80;91,5;113,6;123
761;262;346;76;116,5;82;95,5;30;49;74;85
762;304;387;104;124,5;120;128;40;63,5;40;71
763;382;518;124;165,5;120;139;44;96,5;94;117
764;414;491;136;142,5;124;135;46;81;108;132,5
765;374;425,5;142;148,5;104;117,5;40;52,5;88;107
766;431;549,5;124;185,5;140;169;52;74,5;115;120,5
767;1350;1590;430;507;546;587;182;244,5;192;251,5
768;374;451,5;142;154,5;104;120;40;64;88;113
769;391,6;519;128;156;124;136;48;72;91,6;155
770;431;542;124;176,5;140;177,5;52;67,5;115;120,5
771;162;190;49;62,5;65;76;22;16;26;35,5
772;162;215,5;49;67,5;65;81,5;22;24;26;42,5
773;172;222,5;49;60;73;87;26;35,5;24;40
774;397,6;520,5;131,2;159;133,6;161;68;97;64,8;103,5
775;397,6;476,5;131,2;154,5;133,6;145,5;68;81,5;64,8;95
776;172,2;185;59;68;59;48;26;29;28,2;40
777;1089;1171;426;388;393;383;165;232,5;105;167,5
778;162;219;49;65;65;86;22;30,5;26;37,5
779;176,2;200,5;56;58;67;76;26;29;27,2;37,5
780;534;662,5;176;202;162;192;80;106;116;162,5
781;300,2;403,5;84;131;110;125,5;52;59;54,2;88
782;300,2;378,5;84;117;110;118;52;58;54,2;85,5
783;117;146;26;47;29;26;12;20,5;50;52,5
784;117;163,5;26;45;29;35;12;23;50;60,5
785;119;189;26;65;31;43;12;18;50;63
786;318;389;93,6;122;108,8;132;60;63;55,6;72
787;80,2;103;28;32;26;32;10;12;16,2;27
788;356,4;439,5;104;127;126;129;64;84;62,4;99,5
789;366,4;411;112;126;132;147;60;50;62,4;88
790;366,4;410,5;112;145;132;118;60;54;62,4;93,5
791;366,4;435,5;112;144,5;132;128;60;76;62,4;87
792;366,4;439,5;112;148;132;135;60;71;62,4;85,5
793;632;730;182;198,5;222;237;76;90;152;204,5
794;257;329,5;76;103;78;80;40;70,5;63;76
795;372;425;142;120,5;104;130,5;40;55;86;119
796;372;466;142;129,5;104;132;40;67;86;137,5
797;632;754,5;182;215;222;245;76;113;152;181,5
798;515;703,5;180;221,5;160;212;64;106;111;164
799;675,2;1005;198;316;242;326;76;153;159,2;210
800;500,5;557;144;161;228;244,5;82;78;46,5;73,5
801;274;348;88;109,5;84;93;32;59;70;86,5
802;274;358,5;88;123;84;94,5;32;59;70;82
803;141,2;155,5;32;42;42;41;16;30,5;51,2;42
804;141,2;161;32;41;42;43;16;30,5;51,2;46,5
805;500,5;584,5;144;185,5;228;235,5;82;80,5;46,5;83
806;146;232;40;79,5;46;72;28;39;32;41,5
807;146;241,5;40;88,5;46;70,5;28;42,5;32;40
808;292;413,5;92;128;106;138;44;74,5;50;73
809;414,3;548,5;128;191;190;217,5;54;54;42,3;86
810;376;477,5;124;135;112;133;44;58,5;96;151
811;493,6;615,5;152;205,5;148;152;80;112,5;113,6;145,5
812;354,8;460;104;158,5;132;134,5;62;74;56,8;93
813;353,8;426;104;125;132;137;62;82,5;55,8;81,5
814;353,8;478;104;168,5;132;133;62;75;55,8;101,5
815;353,8;456;104;133;132;129;62;83,5;55,8;110,5
816;547,2;661,5;186;211;200;209;82;105,5;79,2;136
817;362,2;524;98;167;136;166;76;88;52,2;103
818;124;182;39;65;45;56;20;27;20;34
819;261,2;371;88;107;102;151;40;48;31,2;65
820;261,2;353;88;107;102;143;40;40,5;31,2;62,5
821;393;486;120;177,5;174;190;62;56;37;62,5
822;393;539;120;206,5;174;205,5;62;68;37;59
823;300;450;104;138;101;158;60;78;35;76
824;547,2;654;186;221;200;208;82;94;79,2;131
825;1104;1235;426;415;393;403;168;184;117;233
826;225,51;275,5;52;75;72;82;36;48;65,51;70,5
827;506,2;583,5;140;196;202;199;86;82;78,2;106,5
828;506,2;585;140;186;202;222,5;86;68;78,2;108,5
829;506,2;605;140;224;202;210;86;64;78,2;107
830;344;434,5;98;128;146;159;52;58;48;89,5
831;344;410,5;98;122;146;145,5;52;57;48;86
832;119;155,5;26;47,5;31;40;12;12;50;56
833;228,2;266,5;62;81,5;80;82;44;46;42,2;57
834;238,2;296;62;94,5;86;86,5;44;48;46,2;67
835;236,2;290;62;104;86;88;44;48;44,2;50
836;1040;1321,5;356;461;418;538;180;163;86;159,5
837;691;1003;229;349,5;324;420;72;95;66;138,5
838;391,6;529;128;156,5;124;131;48;90;91,6;151,5
839;258,5;331;84;110;100;115;26;44,5;48,5;61,5
840;632;776;182;220,5;222;243;76;111;152;201,5
841;375;476;142;149,5;104;141;40;59,5;89;126
842;195;221,5;60;63;78;79;28;26,5;29;53
843;269,2;298;88;89;102;93;40;46;39,2;70
844;778,5;952,5;248;335;316;343;144;154,5;70,5;120
845;432;512;132;140;164;186;64;90;72;96
846;312;409;100;132,5;118;129;48;65;46;82,5
847;127;165;38;57;41;45;15;19;33;44
848;411;554;132;164,5;126;143;48;81,5;105;165
849;411;512;132;161;126;134;48;82;105;135
850;385,86;464;93;130;129;141;84;89,5;79,86;103,5
851;364,8;579;118;241;168;229;50;50;28,8;59
852;363,3;540,5;118;200;168;221;50;69;27,3;50,5
853;393;596;120;209;174;226;62;80;37;81
854;178;233,5;51;69,5;77;91;26;35;24;38
855;915,2;1156;258;344;284;321;136;119,5;237,2;371,5
856;920,2;1181;258;344,5;284;346,5;136;136;242,2;354
857;134,6;156,5;44;49;51;53;20;27;19,6;27,5
858;290,4;362;88;98;90;101;40;73,5;72,4;89,5
859;568;658,5;202;231,5;216;216,5;96;101;54;109,5
860;586,8;685,5;202;237;216;215;102;109;66,8;124,5
861;496,4;629,5;144;207;198;203;92;100;62,4;119,5
862;452,2;538,5;139,2;154;169,6;164;84;99;59,4;121,5
863;452,2;531,5;139,2;159;169,6;156;84;101;59,4;115,5
864;102,5;135,5;26;34;27;27;14;19;35,5;55,5
865;195,2;239;60;78;50;59;30;31,5;55,2;70,5
866;195,2;221,5;60;71;50;52;30;27,5;55,2;71
867;331;410;114;122;122;166;60;64;35;58
868;331;394,5;114;121;122;151;60;64;35;58,5
869;632;827,5;182;251;222;280;76;112;152;184,5
870;372;462,5;142;153,5;104;132;40;60,5;86;116,5
871;815;818,5;296;254;284;292;144;143,5;91;129
872;222,2;273,5;56;77;78;78;24;40,5;64,2;78
873;202,2;270,5;56;88;78;77;24;41,5;44,2;64
874;285,6;528,5;92;178;106;166;48;102;39,6;82,5
875;222;264,5;66;81,5;62;62;32;43;62;78
876;150,5;220,5;46;70;61;81;22;31,5;21,5;38
877;225;279,5;68;78;78;91;40;47,5;39;63
878;320;425,5;100;117;122;166;48;62;50;80,5
879;269,2;317,5;88;101;102;112;40;54;39,2;50,5
880;490,4;617;156;208;180;205,5;92;93;62,4;110,5
881;490,4;613,5;156;215;180;205;92;87;62,4;106,5
882;372;415,5;142;102;104;117;40;81,5;86;115
883;632;761;182;205;222;264;76;120;152;172
884;202,5;227,5;66;56;67;76;30;39;39,5;56,5
885;500,5;594,5;144;192;228;237;82;88;46,5;77,5
886;344;406;98;98;146;189;52;54;48;65
887;319;514;90;247;126;175;52;50;51;42
888;312;335,5;100;84;118;129;48;57,5;46;65
889;312;272;100;78;118;109;48;47;46;38
890;209;257;56;80,5;62;63;28;39,5;63;74
891;481,6;516,5;144;153;190;191;76;59;71,6;113,5
892;481,6;504,5;144;161;190;190;76;64;71,6;89,5
893;320;444;100;120,5;122;182;48;63,5;50;78
894;269,2;319,5;88;101;102;116;40;46,5;39,2;56
895;58;83;17;35;19;16;8;10;14;22
896;207,2;257,5;60;62,5;78;88;36;47;33,2;60
897;585;897;168;281;237;285;84;116;96;215
898;222,2;244;56;68;78;75;24;42,5;64,2;58,5
899;405;452,5;112;113;178;188;60;66;55;85,5
900;249;276,5;81;85;106;102;28;43;34;46,5
901;249;230;81;71;106;103;28;27;34;29
902;527;616;190;184;162;224;76;75;99;133
903;527;640;190;168;162;215;76;106;99;151
904;527;678,5;190;176;162;226;76;104;99;172,5
905;423;551;128;137;132;194;48;72;115;148
906;632;750,5;182;186;222;273;76;123,5;152;168
907;372;418,5;142;121;104;128;40;52;86;117,5
908;372;116;142;9;104;4;40;4;86;99
909;492;614,5;154;197;152;181;76;84;110;152,5
910;1008;1115,5;296;349;496;505;136;141,5;80;120
911;198,5;289,5;62;105,5;65;72;30;44;41,5;68
912;154,4;197,5;46;62,5;46;60,5;24;32;38,4;42,5
913;154,4;214,5;46;66;46;75;24;30;38,4;43,5
914;568,6;692,5;174;209;228;259;96;125;70,6;99,5
915;496,4;614;144;150;198;217,5;92;121,5;62,4;125
916;496,4;597;144;128;198;221;92;118;62,4;130
917;391,6;491;128;145;124;162;48;72;91,6;112
918;154,4;215,5;46;71;46;67;24;30;38,4;47,5
919;391,6;486;128;143;124;149;48;65;91,6;129
920;391,6;473,5;128;142,5;124;148;48;55;91,6;128
921;433;500;128;129;164;167,5;84;103;57;100,5
922;317,8;382,5;92;95;114;118;52;75,5;59,8;94
923;234,4;290;78;89,5;86;97;32;45;38,4;58,5
924;586,8;610;202;162;216;214,5;102;110;66,8;123,5
925;586,8;688,5;202;251,5;216;213,5;102;118;66,8;105,5
926;300,8;366;92;95;100;107;58;74;50,8;90
927;279;396,5;88;106;84;119;40;63,5;67;108
928;270,7;368;78,6;84;90,5;116;41;75;60,6;93
929;390;447;124;169;158;170;72;49;36;59
930;372;450;142;131;104;141;40;57;86;121
931;372;449,5;142;119,5;104;144;40;61,5;86;124,5
932;134,5;136;43;37,5;45;39;20;23;26,5;36,5
933;632;833;182;279;222;269,5;76;106;152;178,5
934;632;886;182;305;222;262;76;121,5;152;197,5
935;89,1;112;22;23;28;37;20;22,5;19,1;29,5
936;202,5;212,5;62;48;76;72,5;32;35;32,5;57
937;209;220,5;56;55,5;62;62;28;34;63;69
938;389;496;124;177,5;158;188;72;79;35;51,5
939;254;308;76;79,5;82;97;30;45,5;66;86
940;134,6;155;44;41,5;51;47;20;34;19,6;32,5
941;372;400;142;115;104;136;40;53;86;96
942;187;223,5;62;62;56;71;22;26;47;64,5
943;586,8;703,5;202;224;216;247,5;102;111;66,8;121
944;586,8;665,5;202;223,5;216;203,5;102;105;66,8;133,5
945;527;607;190;194,5;162;203;76;78;99;131,5
946;527;614;190;168;162;223;76;79,5;99;143,5
947;380;420,5;142;116;104;148;40;61;94;95,5
948;372;433;142;134;104;132;40;62,5;86;104,5
949;155,02;193;42;42;55;71;30;31;28,02;49
950;277;462,5;86;197;128;159;36;40;27;66,5
951;408,9;568,5;112,6;151;148,5;222;73;93,5;74,8;102
952;271;300;88;85,5;80;92;36;49,5;67;73
953;899,4;1354;269,2;497;329;552,5;154;133;147,2;171,5
954;201;239,5;62;64;76;88;34;42;29;45,5
955;1029;1873,5;380;856;360;602;160;181;129;234,5
956;527;678,5;190;213,5;162;213;76;71,5;99;180,5
957;632;838,5;182;291,5;222;264;76;102;152;181
958;500,5;606,5;144;236;228;231;82;78;46,5;61,5
959;265;260;86;77;82;73;48;51;49;59
960;584;910;174;326,5;274;399,5;92;86,5;44;97,5
961;372;361;142;108;104;123;40;53;86;77
962;154,4;211,5;46;66;46;63;24;30;38,4;52,5
963;102;127;30;37;25;32;14;16;33;42
964;160;219;50;59,5;61;85;24;35;25;39,5
965;117;137;30;35;31;27;16;22;40;53
966;320;397,5;100;96;122;183;48;63,5;50;55
967;320;394;100;98;122;170,5;48;63,5;50;62
968;160;181,5;50;44,5;61;77;24;29;25;31
969;160;210,5;50;69,5;61;81;24;29;25;31
970;586,8;693;202;261,5;216;214;102;94;66,8;123,5
971;384;537;130;237;158;200;56;45;40;55
972;845;1014,5;248;342;286;339,5;132;153;179;180
973;401;474;120;113;134;156;68;81,5;79;123,5
974;270,6;308;91;81,5;100;122,5;41;52;38,6;52
975;180,5;220;58;49;68;110;30;30;24,5;31
976;175;198;52;55;73;90;26;29,5;24;23,5
977;175;222,5;52;84;73;89;26;31;24;18,5
978;433;510;132;137;164;208,5;76;74;61;90,5
979;1093,5;1725,5;384;663;411;691,5;156;196,5;142,5;174,5
980;143,2;168,5;32;40;42;57,5;16;24;53,2;47
981;143,2;124;32;35,5;42;27;16;22;53,2;39,5
982;577;889,5;202;329,5;218;279,5;88;184;69;96,5
983;577;951;202;343,5;218;335;88;172;69;100,5
984;577;808;202;330;218;253;88;132;69;93
985;577;822,5;202;286,5;218;281,5;88;156;69;98,5
986;222,2;185,5;56;52;78;51;24;30;64,2;52,5
987;222,2;179;56;48;78;53;24;28,5;64,2;49,5
988;147;176,5;42;54,5;46;49;24;29;35;44
989;279;300,5;88;90;84;112;40;52,5;67;46
990;461;599;148;182,5;180;261;68;63;65;92,5
991;461;558;148;186;180;226,5;68;68;65;77,5
992;852,15;1101,5;384,1;391,5;281,75;389,5;92;188;94,3;132,5
993;238;233;56;64,5;78;68;40;41,5;64;59
994;250;391;76;111;86;142,5;44;62,5;44;75
995;91,1;96,5;24;27;30;30;20;20,5;17,1;19
996;499,2;651;160;279;184;180;88;105;67,2;87
997;499,2;644;160;257;184;187;88;103;67,2;97
998;391,6;440,5;128;130,5;124;155;48;62;91,6;93
999;391,6;426;128;135;124;138;48;52;91,6;101
1000;372;392,5;142;116;104;133;40;55,5;86;88
1001;124,5;130,5;36;38,5;45;46;16;22;27,5;24
1002;489;577;154;202,5;148;172;76;100;111;102,5
1003;401;524;116;151,5;146;173;60;65;79;134,5
1004;527;666,5;190;245,5;162;209;76;83;99;129
1005;632;794;182;275;222;265,5;76;125,5;152;128
1006;500,5;628;144;219,5;228;276;82;75,5;46,5;57
1007;170,8;182;66;70;61;58;26;28;17,8;26
1008;224,2;228,5;68;62;82;86;44;46;30,2;34,5
1009;222,2;205,5;56;61;78;55;24;37,5;64,2;52
1010;222,2;210,5;56;62;78;56;24;38,5;64,2;54
1011;225,2;218,5;64;63;68;63;32;41;61,2;51,5
1012;223;385;106;153;40;86;20;109;57;37
1013;225;339;106;70;40;90;20;120;59;59
1014;138;155;40;39;44;49;20;27;34;40
1015;225,2;160,5;64;62,5;68;62;32;1;61,2;35
1016;70,6;67;16;17;21;17;8;12;25,6;21
1017;372;398;142;110,5;104;134,5;40;56;86;97
1018;372;395;142;117;104;125;40;56;86;97
1019;372;404;142;117;104;144;40;50,5;86;92,5
1020;236,6;267;78;76;80;105;40;41;38,6;45
1021;1117;1440,5;374;650;466;450,5;172;197;105;143
1022;291;360;84;101;114;144;52;59;41;56
1023;224,3;243,5;75;63;84;113;34;36;31,3;31,5
1024;670,5;736;212;255;308;295;92;106;58,5;80
1025;301;326,5;92;101;122;140;44;48,5;43;37
1026;425;427;128;120,5;132;135;48;63,5;117;108
1027;70,1;80;21;23,5;21;26;12;20,5;16,1;10
1028;70,1;82;21;26,5;21;29;12;17,5;16,1;9
1029;70,1;74,5;21;24,5;21;26;12;13;16,1;11
1030;70,1;80,5;21;27,5;21;25;12;17;16,1;11
1031;70,1;87,5;21;26,5;21;29;12;16;16,1;16
1032;371,6;401;131,2;120,5;119,6;129;64;77;56,8;74,5
1033;371,6;371,5;131,2;125;119,6;115;64;65;56,8;66,5
1034;586,8;634,5;202;238;216;186;102;101;66,8;109,5
1035;586,8;623,5;202;232;216;195;102;115;66,8;81,5
1036;496,4;547,5;144;158;198;200;92;108,5;62,4;81
1037;233,6;257,5;72;68,5;66;86,5;32;34;63,6;68,5
1038;233,6;225,5;72;69;66;82;32;41;63,6;33,5
1039;111,5;117,5;32;30,5;41;48;20;18;18,5;21
1040;118;133;30;32;31;35;16;23,5;41;42,5
1041;291;330,5;84;97,5;114;138,5;52;50,5;41;44
1042;315,6;335;92;90;114;127;60;65;49,6;53
1043;234,4;259,5;78;73,5;86;103;32;45;38,4;38
1044;488;526,5;154;156;148;151,5;76;74;110;145
1045;187;208,5;62;60;56;63;22;30;47;55,5
1046;499,2;617,5;160;227,5;184;184;88;102;67,2;104
1047;499,2;679;160;255,5;184;200;88;103;67,2;120,5
1048;499,2;638;160;237,5;184;206,5;88;100;67,2;94
1049;154;160,5;40;47;44;36;20;24,5;50;53
1050;425;423;128;131;132;127;48;60;117;105
1051;374;408;124;129;112;134;44;56;94;89
1052;195;181;76;70;52;49;22;30;45;32
1053;372;341,5;142;117,5;104;111;40;44;86;69
1054;190,5;309,5;62;110,5;69;101;30;66,5;29,5;31,5
1055;161,2;197;52;50;52;66,5;20;26;37,2;54,5
1056;161,2;172;52;47;52;70;20;27,5;37,2;27,5
1057;124,2;159,5;36;43;37;58;26;27,5;25,2;31
1058;71,6;85,5;16;23;21;21;8;11;26,6;30,5
1059;586,8;699;202;274;216;216;102;122,5;66,8;86,5
1060;586,8;659;202;245;216;214,5;102;114,5;66,8;85
1061;138;172,5;40;42;50;71;26;32,5;22;27
1062;249;261;81;67;106;109;28;50;34;35
1063;251;268;84;85,5;94;99;26;28;47;55,5
1064;243,5;358;89;129;80;127;30;45,5;44,5;56,5
1065;153,5;131,5;48;41;59;45;22;24;24,5;21,5
1066;372;403;142;117;104;125;40;53;86;108
1067;372;391,5;142;112,5;104;124;40;57,5;86;97,5
1068;509,5;726;190;288,5;186;253;80;91;53,5;93,5
1069;1389;1701,5;436;562,5;526;562;202;286;225;291
1070;103;117,5;30;44;25;29;14;18;34;26,5
1071;222,2;201;56;60;78;55;24;34;64,2;52
1072;291;315;84;90;114;123;52;60;41;42
1073;183,5;188;65;64;54;64;20;24;44,5;36
1074;279,4;248,5;88;88;86;69;48;43;57,4;48,5
1075;320;364;100;131;122;138;48;52;50;43
1076;538,5;598;165;166,5;207;265;84;97;82,5;69,5
1077;586,8;716;202;268,5;216;234;102;118;66,8;95,5
1078;499,2;594,5;160;212;184;185;88;110,5;67,2;87
1079;320;318;100;97;122;133;48;52;50;36
1080;320;344;100;89,5;122;165;48;54,5;50;35
1081;134,6;128;44;38;51;50;20;21,5;19,6;18,5
1082;167;179,5;54;58;50;62;28;35,5;35;24
1083;331;404;114;139,5;122;157,5;60;64;35;43
1084;331;419;114;163,5;122;156;60;64;35;35,5
1085;315,6;350,5;92;100;114;121;60;69,5;49,6;60
1086;195;259,5;60;69,5;46;70,5;24;45,5;65;74
1087;321,5;326,5;118;131;127;123;40;40;36,5;32,5
1088;159;170;42;56;54;46,5;28;32;35;35,5
1089;148,6;170,5;42;43;51;66,5;26;30,5;29,6;30,5
1090;316,5;436,5;110;156;118;165;56;65;32,5;50,5
1091;316,5;438,5;110;163;118;169;56;58;32,5;48,5
1092;433;550,5;128;178;164;168;84;109,5;57;95
1093;253;320;88;93;84;134,5;40;52;41;40,5
1094;134,6;144;44;35,5;51;52,5;20;23,5;19,6;32,5
1095;394;492;130;161;168;216;56;61,5;40;53,5
1096;565,6;715;196;211,5;176;244,5;80;130,5;113,6;128,5
1097;565,6;716,5;196;201,5;176;248;80;132,5;113,6;134,5
1098;301;367;92;102;122;175;44;52;43;38
1099;312;318,5;100;93;118;116;48;53,5;46;56
1100;69,6;61;22;17;22,5;20;10;10,5;15,1;13,5
1101;69,6;62;22;18;22,5;17;10;12;15,1;15
1102;69,6;65;22;16;22,5;24;10;12;15,1;13
1103;69,6;59,5;22;16;22,5;19;10;12;15,1;12,5
1104;481;591;138;148;192;263;84;96;67;84
1105;311;356,5;100;110;118;137,5;48;54,5;45;54,5
1106;493,6;606,5;152;190;148;167;80;113,5;113,6;136
1107;382;469;124;119,5;120;162;44;86;94;101,5
1108;489;540;154;162;148;169;76;83;111;126
1109;320;350,5;100;95;122;164;48;55,5;50;36
1110;256;372,5;96;175,5;90;92;32;58,5;38;46,5
1111;287;401;96;208,5;90;98;32;55;69;39,5
1112;259;295;80;81;80;104;36;41,5;63;68,5
1113;372;393;142;118,5;104;132;40;52,5;86;90
1114;372;407,5;142;121;104;136,5;40;71;86;79
1115;372;412,5;142;134,5;104;144;40;55;86;79
1116;372;446,5;142;128,5;104;146;40;68;86;104
1117;372;444;142;116;104;135;40;78;86;115
1118;372;411,5;142;114;104;130;40;54;86;113,5
1119;372;459,5;142;118;104;149;40;91;86;101,5
1120;249;266;81;98,5;106;105;28;29,5;34;33
1121;235,8;238,5;63;66;69;62;42;50;61,8;60,5
1122;235,8;240;63;66;69;73;42;49,5;61,8;51,5
1123;143,2;168;32;35,5;42;51;16;25,5;53,2;56
1124;112,5;108;30;29,5;33;30;16;19;33,5;29,5
1125;372;489,5;142;153;104;138;40;82;86;116,5
1126;236;298;74;94;87;109;26;34;49;61
1127;390,6;509,5;128;154;124;174;48;60,5;90,6;121
1128;374;494;124;141,5;112;152;44;92;94;108,5
1129;372;463;142;131,5;104;139;40;82;86;110,5
1130;344;366,5;98;89;146;180;52;46,5;48;51
1131;203,2;248,5;48;74;68;68;40;50,5;47,2;56
1132;166,2;181;48;43;49;59;32;35;37,2;44
1133;852,15;1064;384,1;377,5;281,75;372;92;204,5;94,3;110
1134;436,5;494,5;146;170;207;201;40;54;43,5;69,5
1135;2189;2680;708;983;700;756,5;312;370;469;570,5
1136;777;931,5;280;343;262;302;144;150;91;136,5
1137;147,8;197,5;46;51;47;74;34;42;20,8;30,5
1138;254;372,5;76;114,5;90;119;40;78;48;61
1139;104,5;100;28;26,5;31;28;14;16;31,5;29,5
1140;175;217;52;58;73;104;26;28;24;27
1141;162,5;196,5;50;55;63;75,5;26;36,5;23,5;29,5
1142;162;189,5;49;54;65;85;22;18,5;26;32
1143;175;212;52;60,5;73;91;26;34;24;26,5
1144;317,4;376,5;94;99;110;125,5;60;71;53,4;81
1145;254;289;76;81;78;90;40;46;60;72
1146;356,8;450;114;160,5;94;128;70;86;78,8;75,5
1147;356,8;436;114;138;94;130;70;82,5;78,8;85,5
1148;389,6;568;128;193;124;162,5;48;92;89,6;120,5
1149;389,6;496;128;128;124;165;48;89,5;89,6;113,5
1150;587;748,5;198;236,5;202;267;76;131;111;114
1151;124,8;234,5;44;82;24;48;24;63;32,8;41,5
1152;145,5;169,5;42;45;51;62;26;29;26,5;33,5
1153;249;255,5;81;87,5;106;101,5;28;32;34;34,5
1154;372,9;623,5;104;214;150;157;65;141,5;53,9;111
1155;485,2;552,5;156;189;180;186,5;84;90;65,2;87
1156;96,5;118;26;37;27;30;14;15;29,5;36
1157;285;357,5;80;120;74;81,5;48;58;83;98
1158;1067;1616,5;348;666;444;566;156;247;119;137,5
1159;372;420;142;112,5;104;124,5;40;76;86;107
1160;372;445;142;134,5;104;132;40;79,5;86;99
1161;527;625,5;190;197;162;209;76;95,5;99;124
1162;372;419;142;128;104;138;40;67,5;86;85,5
1163;372;412;142;139,5;104;118;40;51;86;103,5
1164;573,6;672,5;196;223;176;240;80;100,5;121,6;109
1165;573,6;655,5;196;175;176;228;80;91,5;121,6;161
1166;271,6;348;91;128;100;115;41;67;39,6;38
1167;374;418;124;133,5;112;141;44;60;94;83,5
1168;509,5;654,5;190;259;186;224;80;83;53,5;88,5
1169;569,6;861,5;174;352,5;228;265,5;96;120;71,6;123,5
1170;246,2;380,5;76;117,5;74;108;44;64;52,2;91
1171;246,2;338,5;76;106;74;110,5;44;58;52,2;64
1172;141,2;140;32;38;42;30;16;23;51,2;49
1173;269,2;302;88;100;102;102;40;55;39,2;45
1174;269,2;258,5;88;83;102;89;40;46,5;39,2;40
1175;269,2;262;88;83;102;96;40;47;39,2;36
1176;331;414;114;150;122;162,5;60;51,5;35;50
1177;1152;1340,5;384;380;426;585,5;180;189;162;186
1178;197,6;228,5;64;83;63;74;24;30;46,6;41,5
1179;394,8;426;100;158;176;159;72;68;46,8;41
1180;209;191;56;57;62;39;28;33;63;62
1181;195,8;233;64;70;62;69;24;26;45,8;68
1182;372;415,5;142;130;104;132;40;40,5;86;113
1183;372;397;142;129;104;129;40;50;86;89
1184;372;394,5;142;118;104;124;40;45;86;107,5
1185;492;607;154;202,5;148;183,5;76;82,5;114;138,5
1186;377;473,5;100;130;102;109;64;70,5;111;164
1187;397,6;458;131,2;143,5;133,6;135,5;68;78;64,8;101
1188;388;465,5;125,6;134,5;130,8;151;68;83,5;63,6;96,5
1189;403;744,5;106;263;162;229;76;147;59;105,5
1190;403;756,5;106;255,5;162;264;76;122;59;115
1191;186,2;193,5;46;55,5;56;46;26;29;58,2;63
1192;186,2;195;46;60,5;56;40;26;27,5;58,2;67
1193;254;315,5;76;86;90;125,5;40;48,5;48;55,5
1194;254;330,5;76;95,5;90;127,5;40;45;48;62,5
1195;315,6;416,5;92;116,5;114;153;60;69;49,6;78
1196;94,6;88;23;29,5;28;19;13;13;30,6;26,5
1197;79,5;91;21;30,5;27;25;14;16;17,5;19,5
1198;424,5;473,5;146;189,5;195;158;40;44,5;43,5;81,5
1199;426,9;658,5;174;321;147;145;48;119;57,9;73,5
1200;385,5;578,5;144;260;135;130;48;106;58,5;82,5
1201;433;457;132;133;164;188;76;71;61;65
1202;433;467,5;132;125;164;212;76;72,5;61;58
1203;186,2;181;46;47;56;39;26;30,5;58,2;64,5
1204;155,5;150;50;44,5;59;45;24;26;22,5;34,5
1205;175;205,5;52;53;73;94;26;28;24;30,5
1206;629,5;786,5;164;259,5;294;321;118;147;53,5;59
1207;175;195;52;49,5;73;95;26;28;24;22,5
1208;104,5;81,5;28;23;31;20;14;15;31,5;23,5
1209;344;393,5;98;110,5;146;173;52;59;48;51
1210;418;495;140;160;144;180;72;75;62;80
1211;493,6;545,5;152;159,5;148;176;80;91;113,6;119
1212;423;511;128;148,5;132;162;48;59,5;115;141
1213;423;474,5;128;149,5;132;173;48;52;115;100
1214;423;540,5;128;154,5;132;170;48;64;115;152
1215;129,5;148;40;47,5;40;43;18;20;31,5;37,5
1216;573,6;664;196;191,5;176;228;80;102,5;121,6;142
1217;573,6;647;196;184;176;221;80;96;121,6;146
1218;265,2;244;86;73,5;82;74;48;55;49,2;41,5
1219;904;1140,5;272;400;310;331,5;144;172;178;237
1220;305,5;515;104;225,5;76;133;72;85;53,5;71,5
1221;421,6;129,5;112;65,5;152;5;56;6;101,6;53
1222;246,4;295;56;87;108;121;44;42;38,4;45
1223;863;1089;272;325;290;305,5;128;212,5;173;246
1224;863;1092;272;365,5;290;295,5;128;217;173;214
1225;222,2;204;56;56,5;78;59;24;27,5;64,2;61
1226;186;43;71;8;52;2;20;0,5;43;32,5
1227;253;299,5;88;99,5;84;101;40;41;41;58
1228;210,2;177,5;52;46;54;44;20;24;84,2;63,5
1229;234,4;270;78;91;86;105;32;33;38,4;41
1230;269,2;253,5;88;83;102;95;40;42,5;39,2;33
1231;269,2;253;88;78;102;98;40;39,5;39,2;37,5
1232;269,2;246,5;88;73;102;101;40;39;39,2;33,5
1233;269,2;253,5;88;82,5;102;95,5;40;38;39,2;37,5
1234;269,2;236;88;72;102;93;40;37,5;39,2;33,5
1235;269,2;270,5;88;84;102;102;40;45,5;39,2;39
1236;148;193;40;41;38;44;20;32;50;76
1237;158,5;221;46;55;63;96;26;24;23,5;46
1238;534;331,5;176;116;162;110,5;80;11;116;94
1239;269,2;249,5;88;77;102;103;40;36,5;39,2;33
1240;162;183,5;49;50;65;78;22;29;26;26,5
1241;162;197,5;49;52;65;82;22;31;26;32,5
1242;302;306,5;100;89;110;107,5;48;51;44;59
1243;302;269;100;83,5;110;86;48;50,5;44;49
1244;302;293;100;88,5;110;96;48;49,5;44;59
1245;624;366;176;127;252;115;120;42;76;82
1246;779;936,5;272;366;304;327;136;85,5;67;158
1247;493,6;310,5;152;87;148;111;80;8;113,6;104,5
1248;551,2;698;196;224;156;242,5;80;94;119,2;137,5
1249;489;407,5;154;132,5;148;144;76;20;111;111
1250;431;561,5;124;143;140;194,5;52;87;115;137
1251;2717;1688;885;530,5;875;317;370;207,5;587;633
1252;1303;6;372;0;624;0;184;0;123;6
1253;327;382;108;101;126;152,5;48;67,5;45;61
1254;663;344,5;195;94;186;106;114;18;168;126,5
1255;665;793;195;225;186;262;114;130;170;176
1256;646;38;184;0;264;0;120;0;78;38
1257;76,6;86;29;26;24;29;10;14;13,6;17
1258;227,6;262;60;80;66;93;32;11;69,6;78
1259;302;19;100;4;110;3;48;1,5;44;10,5
