No;Description;Weight for 1;Quantity;Typ;Finish week ;Active;work preparation Plan;work preparation Done;Pre-fabrication plan 
1;2320;3360;1;B;201618;0;201552;42324;201602
2;2320;3360;1;B;201621;0;201604;42324;201606
3;3230;6400;1;B;201615;0;201605;42345;201607
4;2830;6230;2;C;201626;0;201603;42164;201604
5;2625;5000;2;C;201617;0;201605;42325;201607
6;2425;4260;2;C;201619;0;201603;42325;201605
7;2825;5380;2;B;201615;0;201603;42327;201605
8;3535;8540;2;B;201612;0;201602;42327;201604
9;1566;1120;2;B;201621;0;201551;42328;201553
10;3636;9050;1;B;201644;0;201620;42331;201622
11;2830;6230;2;C;201709;0;201627;42333;201628
12;3130;6400;1;B;201646;0;201636;42352;201638
13;1612;1160;2;A ;201612;0;201605;42356;201607
14;2730;5460;2;C;201618;0;201609;42380;201611
15;1815;1340;1;B;201608;0;201603;42390;201604
16;1616;1160;2;B;201703;0;201603;42391;201604
17;2420;3680;2;B;201613;0;201604;42391;201606
18;2420;3680;2;B;201613;0;201604;42391;201606
19;3030;6000;2;B;201615;0;201606;42397;201608
20;3030;6000;2;B;201615;0;201607;42396;201609
21;3030;6000;2;B;201614;0;201607;42404;201609
22;2325;3410;2;B;201612;0;201604;42397;201605
23;2625;5000;2;C;201626;0;201615;42432;201617
24;2625;5000;2;C;201626;0;201615;42430;201617
25;2625;5000;2;C;201625;0;201617;42502;201619
26;1720;1890;1;B;201613;0;201605;42404;201607
27;2730;5460;2;C;201626;0;201616;42425;201618
28;2830;6230;2;C;201615;0;201606;42405;201608
29;2625;5000;2;C;201624;0;201616;42422;201618
30;3030;7410;2;C;201614;0;201609;42419;201611
31;3030;7410;2;C;201619;0;201611;42433;201613
32;1770;1870;2;C;201626;0;201615;42432;201618
33;1770;1870;2;C;201626;0;201615;42432;201617
34;1770;1870;2;C;201626;0;201614;42431;201616
35;2830;6230;2;C;201626;0;201616;42429;201618
36;2120;2760;2;C;201625;0;201616;42438;201618
37;3230;8400;2;C;201628;0;201616;42500;201618
38;3030;7410;2;C;201623;0;201612;42433;201613
39;3230;6400;1;B;201631;0;201618;42436;201620
40;1412;970;2;B;201612;0;201605;42415;201607
41;2770;5100;1;B;201615;0;201607;42405;201609
42;1616;1160;1;B;201613;0;0;42419;201608
43;4343;12030;2;B;201644;0;201630;42440;201632
44;1515;1060;2;B;201611;0;201607;42417;201607
45;2020;1800;2;B;201628;0;201614;42422;201616
46;1620;1510;1;C;201621;0;201614;42425;201616
47;1762;2800;1;B;201614;0;201607;42420;201608
48;1762;2800;1;B;201614;0;201607;42420;201608
49;1118;530;2;A ;201611;0;201607;42417;201607
50;706;240;2;A ;201614;0;201607;42416;201608
51;706;240;2;A ;201614;0;201607;42417;201608
52;2830;6230;2;C;201614;0;201607;42418;201608
53;4040;11100;1;B;201620;0;201611;42418;201613
54;2220;3020;1;B;201616;0;201608;42423;201609
55;2625;4410;4;B;201615;0;201608;42423;201609
56;1815;1340;1;B;201615;0;201608;42423;201609
57;1566;1120;2;B;201624;0;201608;42425;201609
58;1566;1120;2;B;201710;0;201610;42426;201612
59;1818;1340;2;B;201615;0;201608;42425;201610
60;1252;600;2;B;201616;0;201609;42430;201611
61;1412;970;2;B;201617;0;201610;42431;201612
62;1362;890;1;B;201617;0;201611;42452;201613
63;2825;5380;2;B;201619;0;201611;42439;201613
64;3230;6400;2;B;201620;0;201611;42438;201612
65;2020;1800;2;B;201629;0;201618;42453;201620
66;3230;8400;1;C;201617;0;201612;42451;201613
67;3030;7410;2;C;201628;0;201620;42464;201622
68;2730;5460;2;C;201628;0;201620;42468;201622
69;1920;2260;2;C;201627;0;201619;42479;201621
70;2020;1800;1;B;201616;0;201612;42450;201613
71;2425;4260;1;C;201626;0;201618;42486;201620
72;1815;1340;1;B;201621;0;201613;42464;201615
73;4343;12030;2;B;201708;0;201642;42653;201644
74;3230;6400;1;B;201708;0;201647;42489;201648
75;3130;6400;1;B;201704;0;201648;42702;201650
76;1822;1460;1;B;201621;0;201614;42461;201615
77;1770;2800;1;B;201619;0;201614;42460;201615
78;1770;2800;1;B;201617;0;201614;42460;201615
79;2120;2760;1;C;201627;0;201619;42481;201621
80;2120;2760;1;C;201619;0;201513;42461;201614
81;2730;5460;2;C;201632;0;201622;42468;201624
82;2730;5460;2;C;201637;0;201622;42471;201624
83;3434;9340;2;C;201632;0;201622;42485;201624
84;3030;7410;2;C;201632;0;201621;42468;201623
85;1620;1780;1;B;201621;0;201614;42465;201616
86;4140;11100;1;B;201629;0;201622;42481;201622
87;2958;6800;2;C;201628;0;201622;42481;201622
88;2958;6800;2;C;201637;0;201627;42544;201629
89;706;240;1;A ;201622;0;201617;42479;201618
90;1260;600;2;A ;201624;0;201617;42479;201619
91;1260;600;2;A ;201624;0;201617;42480;201619
92;1818;1340;1;B;201622;0;0;42487;201618
93;1818;1340;1;B;201622;0;0;42487;201618
94;1818;1340;1;B;201622;0;0;42487;201618
95;2725;4910;2;B;201624;0;201617;42496;201618
96;2725;4910;2;B;201624;0;201617;42496;201618
97;1566;1120;1;B;201624;0;201619;42503;201620
98;3040;6000;1;B;201641;0;201632;42584;201634
99;1516;1060;1;B;201623;0;201619;42501;201620
100;3030;7410;2;C;201704;0;201729;42506;201702
101;1920;2260;2;C;201637;0;201631;42517;201633
102;2730;5460;2;C;201639;0;201630;42506;201632
103;2120;2760;1;C;201625;0;201621;42507;201620
104;2825;5380;2;B;201631;0;201623;42508;201625
105;2425;4260;3;C;201634;0;201625;42521;201627
106;2625;5000;2;C;201627;0;201619;42508;201621
107;2625;5000;2;C;201632;0;201622;42509;201624
108;2425;4260;3;C;201633;0;201624;42522;201626
109;1920;2260;2;C;201627;0;201620;42508;201622
110;1818;1340;2;B;201624;0;201620;42503;201620
111;2625;5000;2;C;201632;0;201624;42508;201626
112;2625;5000;2;C;201635;0;201626;42510;201628
113;2625;5000;2;C;201644;0;201636;42520;201638
114;2625;5000;2;C;201634;0;201626;42520;201628
115;2625;5000;2;C;201636;0;201628;42514;201630
116;2625;5000;2;C;201645;0;201637;42510;201639
117;3030;7410;2;C;201634;0;201626;42522;201628
118;3030;7410;2;C;201635;0;201626;42521;201628
119;2830;6230;2;C;201636;0;201626;42542;201628
120;2830;6230;2;C;201638;0;201629;42542;201631
121;1920;2260;2;C;201639;0;201632;42549;201634
122;2625;5000;2;C;201642;0;201634;42551;201636
123;1260;600;2;A ;201631;0;201624;42531;201626
124;1260;600;2;A ;201631;0;201624;42531;201626
125;1714;2340;2;A ;201632;0;201624;42530;201626
126;1714;2340;2;A ;201632;0;201624;42530;201626
127;2020;2420;2;C;201630;0;201623;42527;201625
128;2020;2420;2;C;201630;0;201623;42528;201625
129;1930;2260;1;A ;201627;0;201622;42524;201624
130;1160;540;2;B;201631;0;201623;42537;201625
131;2830;6230;2;C;201641;0;201632;42559;201634
132;2725;4910;2;B;201632;0;201625;42534;201625
133;1816;1340;1;B;201631;0;201625;42536;201625
134;1816;1340;1;B;201631;0;201625;42535;201625
135;2725;4910;2;B;201632;0;201625;42542;201626
136;2320;3900;1;C;201629;0;201625;42551;201626
137;5050;16000;1;B;201714;0;201641;42590;201643
138;1110;530;2;C;201645;0;201638;42615;201640
139;2730;5460;2;C;201645;0;201636;42615;201638
140;2625;5000;2;C;201647;0;201639;42621;201641
141;2120;2760;1;C;201645;0;201637;42619;201639
142;1362;890;2;B;201638;0;201631;42559;201633
143;1362;890;2;B;201638;0;201631;42559;201633
144;1420;1200;1;C;201639;0;201631;42563;201633
145;1313;1050;2;C;201634;0;201628;42562;201629
146;2424;4220;2;C;201636;0;201628;42578;201630
147;2424;4220;2;C;201636;0;201628;42566;201630
148;2424;4220;2;C;201647;0;201639;42579;201641
149;2424;4220;2;C;201647;0;201639;42580;201641
150;1230;600;1;B;201636;0;201629;42578;201631
151;1920;2260;2;C;201648;0;201640;42641;201642
152;1920;2260;2;C;201648;0;201640;42642;201642
153;1920;2260;2;C;201650;0;201644;42646;201646
154;1920;2260;2;C;201650;0;201644;42658;201646
155;2520;4060;1;B;201635;0;201630;42583;201631
156;2520;4060;1;B;201635;0;201630;42583;201631
157;1715;2340;2;A ;201635;0;201631;42584;201631
158;3535;8540;2;B;201640;0;201631;42586;201632
159;3535;8540;2;B;201644;0;201633;42585;201639
160;1920;2260;2;C;201639;0;201632;42585;201635
161;2226;3110;3;B;201640;0;201632;42592;201634
162;2018;1800;2;A ;201641;0;201634;42599;201636
163;1120;530;1;C;201635;0;201631;44071;201632
164;1111;530;2;C;201641;0;201637;42625;201637
165;2374;4060;3;C;201647;0;201637;42643;201638
166;2374;4060;3;C;201650;0;201640;42644;201642
167;1566;1120;1;B;201643;0;201634;42594;201639
168;1412;970;2;B;201646;0;201634;42593;201635
169;1412;970;2;B;201650;0;201634;42593;201635
170;1714;2340;1;B;201641;0;201634;42608;201635
171;1762;2800;1;B;201641;0;201634;42594;201635
172;1662;1830;1;B;201641;0;201634;42593;201635
173;2020;1800;2;B;201643;0;201634;42600;201635
174;1762;2800;2;B;201702;0;201646;42667;201646
175;1762;2800;1;B;201702;0;201646;42662;201646
176;1762;2800;1;B;201702;0;201646;42662;201646
177;2134;2720;2;A ;201638;0;201635;42600;201635
178;1270;600;1;A ;201803;0;201635;42605;201635
179;1270;600;1;A ;201638;0;201635;42607;201635
180;1270;600;3;A ;201638;0;201634;42600;201635
181;1616;1160;1;B;201641;0;201635;42613;201636
182;1714;2340;1;A ;201646;0;201640;42626;201642
183;1042;460;2;A ;201643;0;201636;42628;201638
184;3030;7410;2;C;201703;0;201641;42662;201643
185;2625;5000;3;C;201707;0;201650;42649;201601
186;2730;5460;2;C;201702;0;201646;42668;201648
187;2625;5000;2;C;201649;0;201642;42621;201644
188;2625;5000;2;C;201649;0;201642;42657;201644
189;2825;5380;2;B;201640;0;201636;42618;201636
190;2020;2400;1;B;201644;0;201637;42629;201639
191;3130;6400;1;B;202111;Active;201846;42772;201848
192;3130;6400;1;B;202123;Active;201905;43461;201907
193;3230;6400;1;B;201722;0;201708;42773;201713
194;3230;6400;1;B;201742;0;201729;42947;201731
195;2730;5460;2;C;201703;0;201646;42689;201648
196;2325;3410;1;B;201645;0;201638;42646;201638
197;2020;2400;1;B;201705;0;201649;42672;201651
198;2020;2400;1;B;201714;0;201707;42703;201709
199;2374;4060;3;C;201709;0;201649;42684;201651
200;2374;4060;3;C;201712;0;201751;42728;201701
201;2825;5380;1;B;201643;0;201639;42643;201640
202;2625;4410;2;B;201645;0;201640;42648;201640
203;3040;6000;1;B;201647;0;201640;42648;201642
204;1818;1970;2;C;201648;0;201640;42660;201642
205;1414;1200;2;C;201645;0;201640;42657;201641
206;1414;1200;2;C;201702;0;201646;42684;201648
207;2424;4220;2;C;201708;0;201651;42664;201702
208;2424;4220;2;C;201708;0;201651;42663;201702
209;1920;2260;2;C;201704;0;201648;42689;201650
210;1920;2260;2;C;201704;0;201648;42689;201650
211;2172;2820;3;C;201708;0;201652;42728;201702
212;3030;7410;2;C;201705;0;201647;42692;201648
213;1160;540;2;B;201644;0;201639;42657;201640
214;4244;11730;1;B;201604;0;201648;42664;201650
215;1612;1160;2;A ;201647;0;201643;42662;201645
216;4240;11720;1;B;201652;0;201643;42667;201644
217;1473;1020;4;A ;201647;0;201642;42664;201643
218;2320;3360;1;B;201650;0;201643;42668;201645
219;3840;10000;1;B;201652;0;201643;42670;201644
220;2625;4410;2;B;201650;0;201643;42678;201644
221;3040;6000;1;B;201708;0;201752;42726;201702
222;3040;6000;1;B;201721;0;201713;42788;201715
223;2625;5000;2;C;201650;0;201643;42672;201645
224;1816;1340;2;B;201648;0;201643;42672;201644
225;2420;3680;2;B;201650;0;201644;42678;201645
226;2121;2760;1;C;201702;0;201644;42683;201645
227;1110;530;2;C;201702;0;201646;42699;201648
228;1110;530;2;C;201702;0;201645;42700;201647
229;1110;530;1;C;201702;0;201645;42700;201647
230;1110;530;2;C;201713;0;201650;42724;201701
231;1110;530;2;C;201713;0;201650;42725;201701
232;1110;530;2;C;201713;0;201650;42724;201701
233;1110;530;1;C;201713;0;201650;42726;201701
234;1111;530;2;C;201705;0;201650;42704;201652
235;1111;530;2;C;201705;0;201650;42704;201652
236;1111;530;2;C;201705;0;201650;42704;201652
237;1212;580;2;C;201707;0;201651;42702;201702
238;1665;1830;1;B;201707;0;201748;42700;201650
239;2020;1800;2;B;201650;0;201644;42677;201645
240;2805;5230;1;B;201614;0;201645;42677;201647
241;2625;5000;2;C;201709;0;201701;42716;201703
242;2625;5000;2;C;201710;0;201703;42716;201705
243;1414;1200;2;C;201711;0;201704;42747;201706
244;2222;3670;2;C;201718;0;201710;42766;201712
245;2222;3670;2;C;201720;0;201712;42766;201714
246;3430;8000;1;B;201704;0;201647;42699;201649
247;3430;8000;1;B;201714;0;201707;42759;201709
248;706;240;4;A ;201705;0;201648;42714;201750
249;1060;470;1;B;201701;0;201647;42695;201648
250;2725;4910;2;B;201701;0;201647;42696;201648
251;2725;4910;2;B;201701;0;201647;42696;201648
252;1715;2340;2;A ;201649;0;201647;42693;201647
253;2625;4410;2;B;201709;0;201701;42739;201702
254;1920;2260;2;C;201716;0;201707;42769;201709
255;1412;970;1;B;201704;0;201649;42713;201650
256;2222;3670;2;C;201715;0;201706;42769;201708
257;2625;5000;2;C;201719;0;201707;42778;201709
258;3840;10000;1;B;201709;0;201701;42732;201703
259;2525;4110;2;B;201702;0;201650;42716;201650
260;1070;480;1;C;201703;0;201650;42718;201651
261;1412;970;2;B;201707;0;201701;42732;201702
262;1412;970;2;B;201704;0;201651;42733;201652
263;1920;2260;2;C;201719;0;201713;42796;201715
264;1414;1200;3;C;201719;0;201713;42802;201715
265;2625;5000;2;C;201719;0;201712;42773;201714
266;3230;6400;2;B;201745;0;201737;42803;201739
267;3230;6400;2;B;201732;0;201723;42803;201725
268;3230;6400;2;B;201714;0;201706;42761;201708
269;1420;1200;1;C;201714;0;201707;42786;201709
270;1566;1120;2;B;201722;0;201652;42728;201701
271;1714;2340;1;B;201708;0;201701;42762;201703
272;2020;2420;2;C;201712;0;201705;42765;201707
273;1762;2800;2;B;201720;0;201715;42818;201716
274;1762;2800;1;B;201716;0;201711;42795;201712
275;1822;1460;1;B;201720;0;201715;42822;201716
276;1822;1460;1;B;201716;0;201711;42795;201712
277;1260;600;2;A ;201712;0;201707;42763;201708
278;747;237;5;A ;201704;0;201652;42731;201652
279;2830;5490;1;B;201715;0;201707;42763;201709
280;3636;9050;1;B;201710;0;201702;42763;201704
281;2525;4550;2;C;201716;0;201707;42779;201709
282;1260;600;4;A ;201712;0;201704;42765;201706
283;2525;4550;2;C;201716;0;201707;42779;201709
284;1260;600;4;A ;201716;0;201705;42772;201707
285;1212;580;1;B;201708;0;201703;42762;201704
286;2016;2420;1;B;201709;0;201703;42762;201704
287;3030;6000;1;B;201716;0;201706;42796;201710
288;1662;1830;1;B;201709;0;201704;42767;201704
289;4040;11100;2;B;201718;0;201708;42768;201710
290;4040;11100;2;B;201722;0;201711;42768;201713
291;4040;11100;2;B;201725;0;201714;42769;201716
292;1920;2260;2;C;201723;0;201715;42840;201717
293;1920;2260;2;C;201724;0;201716;42850;201718
294;1920;2260;2;C;201726;0;201718;42860;201720
295;2222;3670;2;C;201723;0;201715;42844;201717
296;2172;2820;3;C;201725;0;201716;42851;201718
297;2218;3630;2;C;201727;0;201719;42821;201721
298;1461;1280;2;C;201721;0;201713;42807;201715
299;2115;2750;3;A ;201723;0;201713;42808;201715
300;2115;2750;3;A ;201726;0;201716;42808;201718
301;2424;4220;2;C;201712;0;201706;42774;201707
302;1111;530;2;C;201717;0;201709;42796;201711
303;1111;530;2;C;201718;0;201710;42804;201712
304;1111;530;2;C;201721;0;201713;42815;201715
305;1111;530;1;C;201721;0;201713;42789;201715
306;1818;1340;2;B;201715;0;201707;42779;201709
307;1818;1340;2;B;201715;0;201706;42782;201709
308;2625;4410;2;B;201715;0;201706;42781;201708
309;2218;3630;2;C;201723;0;201715;42832;201717
310;4343;12030;2;B;201737;0;201714;42815;201716
311;1818;1340;2;A ;201711;0;201706;42775;201707
312;2958;6800;2;C;201726;0;201714;42803;201716
313;1818;1970;2;C;201719;0;201711;42801;201713
314;4242;11730;1;B;201733;0;201723;42847;201725
315;2420;3680;1;B;201718;0;201711;42804;201713
316;1920;2260;2;C;201729;0;201721;42860;201723
317;2218;3630;2;C;201727;0;201719;42844;201721
318;2958;6800;2;C;201736;0;201727;42885;201729
319;1412;970;1;B;201717;0;201711;42817;201712
320;1566;1120;2;B;201718;0;201711;42815;201713
321;1360;890;2;A ;201718;0;201711;42816;201712
322;1566;1120;2;B;201729;0;201714;42825;201716
323;680;290;2;B;201719;0;201713;42819;201714
324;2172;2820;3;C;201728;0;201720;42864;201722
325;1916;1720;2;B;201724;0;201713;42819;201714
326;2218;3630;2;C;201734;0;201726;42859;201728
327;2218;3630;2;C;201734;0;201726;42859;201728
328;2621;4800;2;C;201730;0;201722;42867;201724
329;2520;4500;3;C;201746;0;201736;42873;201738
330;2520;4500;3;C;201750;0;201742;42872;201744
331;2520;4500;3;C;201808;0;201801;42892;201702
332;2520;4500;3;C;201710;0;201801;42943;201803
333;2520;4500;3;C;201812;0;201803;42983;201805
334;1620;1780;2;B;201718;0;201713;42818;201714
335;2520;4500;3;C;201817;0;201809;42992;201809
336;1725;1250;1;A ;201714;0;201714;42824;201714
337;1210;580;1;B;201719;0;201714;42828;201715
338;1210;580;1;B;201719;0;201714;42828;201715
339;3030;6000;1;B;201717;0;201714;42828;201715
340;2822;5930;2;C;201727;0;201719;42860;201721
341;2822;5930;2;C;201732;0;201724;42859;201725
342;2822;5930;2;C;201726;0;201717;42847;201718
343;1412;970;1;B;201722;0;201714;42832;201716
344;1412;970;1;B;201722;0;201714;42829;201716
345;1612;1160;2;B;201721;0;201715;42832;201716
346;1920;2260;2;C;201722;0;201715;42835;201716
347;1111;500;3;B;201723;0;201715;42850;201715
348;1111;500;3;B;201723;0;201715;42850;201715
349;3132;6400;1;B;201726;0;201716;42838;201718
350;2120;2760;1;C;201723;0;201715;42840;201717
351;2121;2720;2;A ;201726;0;201716;42849;201718
352;2419;4170;2;C;201732;0;201724;42884;201726
353;3535;8540;1;B;201723;0;201716;42849;201717
354;2419;4170;2;C;201732;0;201724;42882;201726
355;2020;2400;2;B;201727;0;201719;42878;201721
356;1370;1100;1;C;201805;0;201728;42892;201750
357;1722;1250;1;B;201732;0;201719;42865;201719
358;1722;1250;1;B;201732;0;201721;42865;201723
359;785;330;2;B;201724;0;201720;42870;0
360;2621;4800;2;C;201733;0;201722;42882;201724
361;3642;9050;1;B;201739;0;201726;42908;201728
362;2020;1800;2;B;201725;0;201721;42882;201721
363;3131;6400;1;B;201741;0;201730;42954;201732
364;1818;1970;2;C;201740;0;201731;42954;201733
365;1818;1970;2;C;201739;0;201730;42891;0
366;1612;1460;4;C;201735;0;201724;42886;201726
367;1612;1460;4;C;201735;0;201724;42887;201726
368;1762;2800;2;B;201806;0;201745;43033;0
369;1762;2800;1;B;201803;0;201746;43031;201748
370;1762;2800;1;B;201745;0;201736;42983;0
371;1762;2800;1;B;201745;0;201736;42983;201738
372;1762;2800;2;B;201801;0;201732;42968;201734
373;2420;3680;1;B;201727;0;201723;42893;201723
374;3378;6900;7;A ;201733;0;201724;42898;0
375;1212;580;1;B;201730;0;201724;42910;0
376;2822;5930;2;C;201732;0;201725;42912;201727
377;2822;5930;2;C;201743;0;201729;42913;201731
378;2822;5930;2;C;201734;0;201724;42910;201725
379;2430;3830;1;B;201730;0;201723;42909;0
380;2525;4110;1;B;201733;0;201725;42913;0
381;2525;4110;1;B;201733;0;201725;42913;0
382;1260;600;2;A ;201731;0;201725;42914;0
383;3630;9050;1;B;201735;0;201727;42926;201728
384;1566;1120;2;B;201736;0;201727;42913;201728
385;1566;1120;2;B;201734;0;201727;42923;0
386;1566;1120;2;B;201804;0;201727;42917;0
387;1036;460;2;A ;201733;0;201727;42914;201728
388;1036;460;2;A ;201733;0;201727;42914;201728
389;1714;2340;2;A ;201735;0;201727;42917;0
390;1714;2340;2;A ;201735;0;201727;42917;0
391;1360;1090;2;C;201735;0;201727;42917;0
392;1360;1090;2;C;201735;0;201627;42919;0
393;1360;1090;2;C;201735;0;201727;42917;0
394;1360;1090;2;C;201735;0;201727;42917;0
395;1360;1090;2;C;201736;0;201728;42927;0
396;1360;1090;2;C;201736;0;201728;42927;0
397;1360;1090;2;C;201736;0;201728;42926;0
398;3430;8000;1;B;201739;0;201727;42928;0
399;4343;12030;2;B;201744;0;201728;42928;0
400;2625;4410;2;B;201734;0;201727;42923;0
401;1662;1830;1;B;201734;0;201728;42928;0
402;1510;1060;1;B;201737;0;201730;42937;0
403;1612;1460;2;C;201740;0;201732;42969;0
404;1310;850;2;C;201736;0;201729;42927;0
405;1915;2190;2;C;201737;0;201729;42947;0
406;2030;2450;2;B;201735;0;201728;42926;0
407;1612;1460;4;C;201744;0;201736;42992;201738
408;1612;1460;4;C;201745;0;201735;42991;201737
409;1612;1460;2;C;201746;0;201739;43004;201740
410;2625;5000;2;C;201743;0;201735;42979;201737
411;2625;5000;2;C;201743;0;201735;42979;201737
412;1260;600;2;A ;201737;0;201729;42936;201732
413;2115;2750;3;A ;201744;0;201735;42984;201737
414;3842;10000;1;B;201742;0;201732;42969;0
415;1212;580;1;B;201810;0;201752;43109;0
416;1414;970;2;A ;201738;0;201733;42950;0
417;2725;4910;2;B;201736;0;201729;42936;0
418;2725;4910;2;B;201736;0;201729;42936;0
419;2725;4910;2;B;201741;0;201732;42936;0
420;2725;4910;2;B;201743;0;201733;42971;0
421;1770;1870;1;C;201748;0;201740;43022;0
422;1770;1870;1;C;201750;0;201742;43027;0
423;2218;3630;2;C;201742;0;201734;42972;0
424;2218;3630;2;C;201742;0;201734;42972;0
425;1816;1340;1;B;201737;0;201729;42943;201731
426;1816;1340;1;B;201746;0;201735;42943;201737
427;2419;4170;3;C;201750;0;201740;42997;0
428;747;237;5;A ;201739;0;201730;42942;0
429;747;237;5;A ;201746;0;201732;42986;0
430;747;237;5;A ;201750;0;201733;42989;201735
431;747;237;5;A ;201804;0;201736;42990;201738
432;747;237;5;A ;201807;0;201740;42992;201742
433;1343;700;2;B;201739;0;201731;42949;201734
434;3180;6400;1;B;201741;0;201730;42954;0
435;2018;1800;2;A ;201737;0;201730;42947;0
436;2018;1800;2;A ;201804;0;201747;43033;0
437;1412;970;2;B;201739;0;201730;42954;0
438;1412;970;2;B;201804;0;201730;42951;0
439;2621;4800;2;C;202550;0;201745;43026;201940
440;2621;4800;2;C;202550;0;201745;43026;201940
441;1412;970;1;B;201742;0;201732;42955;0
442;1662;1830;1;B;201739;0;201732;42956;0
443;1566;1120;1;B;201739;0;201733;42970;201734
444;2822;5930;2;C;201805;0;201748;43041;0
445;2171;2820;1;C;201738;0;201733;42963;201734
446;1360;890;2;A ;201743;0;201734;42975;0
447;2625;4410;2;B;201742;0;201732;42957;0
448;3024;7400;2;C;201751;0;201741;43022;0
449;3024;7400;2;C;201749;0;201740;43022;0
450;3024;7400;2;C;201801;0;201741;43024;0
451;3024;7400;2;C;201803;0;201745;43024;0
452;2725;4910;2;B;201744;0;201735;42971;201736
453;1142;530;2;A ;201739;0;201734;42971;201735
454;2725;4910;2;B;201744;0;201735;42989;201737
455;2416;4170;3;A ;201801;0;201746;43031;0
456;2730;5460;2;C;201809;0;201751;43046;0
457;2730;5460;2;C;201819;0;201801;43049;201802
458;2217;3600;4;C;201749;0;201742;43024;0
459;2217;3600;4;C;201810;0;201751;43041;0
460;747;237;5;A ;201739;0;201734;42977;0
461;2070;2560;1;B;201743;0;201736;42986;0
462;1616;1160;2;B;201741;0;201735;42996;0
463;1260;600;2;A ;201739;0;201735;42985;0
464;1412;970;1;B;201743;0;201737;42999;0
465;2420;3680;1;B;201743;0;201737;42998;0
466;1260;600;2;A ;201748;0;201738;43005;201740
467;1260;600;2;A ;201748;0;201738;43004;201740
468;3842;10000;1;B;201817;0;201748;43025;0
469;2016;2420;2;C;201802;0;201745;43000;0
470;2016;2420;2;C;201811;0;201745;43048;0
471;2016;2420;2;C;201803;0;201745;43032;0
472;2016;2420;2;C;201804;0;201746;43034;0
473;2016;2420;2;C;201805;0;201748;43038;0
474;2016;2420;2;C;201806;0;201748;43038;0
475;1312;680;2;B;201743;0;201738;43005;0
476;1260;600;2;B;201746;0;201738;43021;0
477;4444;12330;1;B;201807;0;201742;43012;0
478;1410;1170;2;A ;201746;0;201738;43004;0
479;1260;600;2;A ;201808;0;201742;43027;0
480;1260;600;2;B;201809;0;201801;43109;0
481;1260;600;2;B;201821;0;201813;43123;0
482;1662;1830;1;B;201806;0;201803;43111;0
483;1762;2800;2;B;201802;0;201745;43032;0
484;1762;2800;2;B;201811;0;201803;43130;0
485;747;237;5;A ;201739;0;201729;42942;201730
486;747;237;5;A ;201739;0;201729;42942;0
487;747;237;5;A ;201739;0;201729;42942;0
488;747;237;5;A ;201746;0;201731;42986;0
489;747;237;5;A ;201746;0;201731;42986;0
490;747;237;5;A ;201746;0;201731;42986;201733
491;747;237;5;A ;201746;0;201731;42986;0
492;747;237;5;A ;201750;0;201733;42989;0
493;747;237;5;A ;201750;0;201733;42989;0
494;747;237;5;A ;201750;0;201733;42989;0
495;747;237;5;A ;201750;0;201733;42989;0
496;747;237;5;A ;201804;0;201736;42990;0
497;747;237;5;A ;201804;0;201736;42990;0
498;747;237;5;A ;201804;0;201736;42990;0
499;747;237;5;A ;201804;0;201736;42990;0
500;747;237;5;A ;201807;0;201740;42991;0
501;747;237;5;A ;201807;0;201740;42992;0
502;747;237;5;A ;201807;0;201740;42992;0
503;747;237;5;A ;201807;0;201740;42991;0
504;1410;1170;2;A ;201747;0;201738;43022;0
505;2320;3360;1;B;201743;0;201739;43011;0
506;2016;2420;2;C;201811;0;201803;43089;0
507;2016;2420;2;C;201808;0;201752;43109;201802
508;2016;2420;2;C;201919;0;201810;43089;0
509;2016;2420;2;C;201913;0;201810;43089;0
510;2016;2420;2;C;201822;0;201804;43090;0
511;2320;3360;2;B;201744;0;201740;43018;201740
512;4140;11100;3;B;201803;0;201740;43026;0
513;1663;1600;1;C;201804;0;201747;43038;201749
514;3840;10000;1;B;201811;0;201748;43083;0
515;2822;5930;2;C;201808;0;201752;43081;0
516;2822;5930;2;C;201811;0;202037;43080;202037
517;1822;1460;1;B;201811;0;201803;43130;0
518;2822;5930;2;C;201807;0;201748;43039;0
519;4244;11730;1;B;201809;0;201745;43068;0
520;2016;2420;2;C;201801;0;201745;43053;201746
521;2016;2420;2;C;201801;0;201744;43053;0
522;2016;2420;2;C;201804;0;201745;43059;0
523;2016;2420;2;C;201804;0;201745;43059;0
524;1714;2340;1;B;201751;0;201745;43053;0
525;1516;1060;1;B;201751;0;201745;43054;201746
526;2020;2400;2;B;201807;0;201750;43066;201801
527;1612;1160;2;B;201751;0;201746;43054;0
528;1616;1160;1;B;201807;0;201750;43082;0
529;2362;3530;2;B;201807;0;201749;43083;0
530;2625;4410;2;B;201750;0;201746;43052;0
531;1260;600;1;B;201802;0;201747;43062;0
532;3230;6400;1;B;201805;0;201748;43075;201749
533;2220;3020;2;B;201804;0;201747;43066;201748
534;2220;3020;2;B;201804;0;201747;43066;0
535;1412;970;2;B;201823;0;201749;43077;0
536;1566;1120;2;B;201809;0;201749;43088;0
537;785;330;2;B;201804;0;201747;43067;0
538;1720;1890;2;B;201803;0;201747;43067;201749
539;2621;4800;2;C;201804;0;201748;43069;0
540;2621;4800;2;C;201806;0;201749;43073;0
541;2621;4800;2;C;201808;0;201751;43110;0
542;2621;4800;2;C;201810;0;201802;43109;0
543;910;390;1;B;201804;0;201748;43074;0
544;910;390;1;B;201804;0;201748;43074;0
545;1818;1340;1;B;201808;0;201751;43115;0
546;2420;3680;1;B;201805;0;201750;43088;0
547;2224;3060;3;B;201806;0;201749;43077;201750
548;1712;2340;2;B;201805;0;201749;43081;201750
549;4244;11730;1;B;201815;0;201801;43118;0
550;1714;2340;2;A ;201809;0;201802;43116;0
551;1714;2340;2;A ;201809;0;201802;43117;0
552;710;300;2;B;201803;0;201749;43075;0
553;1212;580;1;B;201804;0;201751;43103;0
554;1566;1120;2;B;201823;0;201801;43117;201802
555;1566;1120;2;B;201836;0;201802;43122;0
556;760;320;2;B;201808;0;201801;43090;0
557;2621;4800;2;C;201807;0;201752;43111;0
558;1362;890;2;B;201807;0;201752;43112;0
559;1212;580;1;B;201807;0;201801;43116;0
560;1212;580;1;B;201811;0;201803;43116;0
561;1716;1890;1;B;201807;0;201802;43122;201803
562;1212;580;1;B;201810;0;201804;43151;201806
563;1411;1170;2;C;201809;0;201802;43119;201804
564;3030;6000;2;B;201810;0;201802;43118;201803
565;2120;2680;2;B;201812;0;201804;43131;201806
566;2420;3680;2;B;201811;0;201803;43123;201804
567;2420;3680;2;B;201807;0;201803;43123;0
568;4444;12330;1;B;201825;0;201817;43186;201817
569;1816;1340;1;B;201811;0;201808;43152;201808
570;3430;8000;1;B;201821;0;201803;43159;0
571;1462;1020;1;B;201811;0;201804;43130;201806
572;2020;1800;2;B;201914;0;201816;43131;0
573;2825;5380;2;B;201812;0;201804;43132;0
574;1915;2190;2;C;201811;0;201804;43131;0
575;1915;2190;2;C;201812;0;201805;43132;0
576;3030;6000;2;B;201811;0;201804;43129;0
577;1042;460;1;A ;201815;0;201807;43157;0
578;1042;460;1;A ;201815;0;201807;43157;0
579;2528;4160;1;B;201838;0;201830;43298;0
580;2528;4160;1;B;201848;0;201840;43321;201842
581;3230;6400;1;B;201818;0;201811;43161;201813
582;1461;1280;2;C;201828;0;201820;43179;0
583;3330;6800;1;B;201818;0;201810;43171;0
584;1212;580;1;B;201819;0;201806;43182;0
585;2218;3630;2;C;201823;0;201814;43195;0
586;1412;970;2;B;201809;0;201806;43157;0
587;1714;2340;1;B;201819;0;201811;43165;0
588;2424;3780;2;A ;201814;0;201806;43153;0
589;2822;5930;2;C;201820;0;201811;43160;201813
590;2626;4460;1;B;201824;0;201817;43210;0
591;3230;6400;1;B;201902;0;201843;43299;0
592;2626;4460;1;B;201835;0;201835;43286;0
593;2626;4460;1;B;201850;0;201847;43361;0
594;3230;6400;1;B;201902;0;201832;43272;0
595;2424;3780;2;A ;201828;0;201820;43216;0
596;1260;600;1;A ;201816;0;201808;43158;201809
597;3535;8540;1;B;201822;0;201813;43180;201814
598;2020;2400;1;B;201815;0;201808;43161;201809
599;2020;2400;1;B;201827;0;201819;43241;201821
600;2016;2420;2;C;201826;0;201816;43200;0
601;2525;4460;3;A ;201822;0;201812;43181;0
602;2424;3730;1;B;201818;0;201810;43165;0
603;1414;970;1;A ;201817;0;201809;43164;201810
604;2218;3630;2;C;201830;0;201821;43256;0
605;1360;1090;2;C;201824;0;201814;43203;0
606;2525;4110;1;B;201822;0;201813;43182;201813
607;2525;4110;1;B;201832;0;201823;43267;0
608;2620;4760;2;C;201821;0;201812;43167;0
609;906;390;1;A ;201834;0;201826;43286;0
610;2620;4760;2;C;201822;0;201813;43168;0
611;2020;1800;1;B;201817;0;201811;43173;0
612;770;320;1;B;201816;0;201811;43180;0
613;2420;3680;1;B;201819;0;201811;43172;0
614;2520;4500;3;C;201827;0;201816;43215;201818
615;2520;4500;3;C;201829;0;201818;43174;201820
616;2822;5930;2;C;201830;0;201818;43209;201820
617;2822;5930;2;C;201837;0;201827;43266;0
618;2830;6230;2;C;201834;0;201823;43172;0
619;2625;5000;2;C;201833;0;201824;43279;201826
620;2218;3630;2;C;201916;0;201848;43314;201804
621;2520;4500;2;C;201821;0;201812;43194;201814
622;2520;4500;2;C;201820;0;201812;43179;201814
623;2020;2400;1;B;201818;0;201812;43178;201813
624;1420;1200;2;C;201834;0;201827;43290;201829
625;1670;1710;1;C;201834;0;201825;43284;201827
626;1412;970;2;B;201823;0;201815;43182;201815
627;1462;1020;2;B;201824;0;201816;43199;201815
628;1462;1020;2;B;201824;0;201816;43196;201815
629;1362;890;2;A ;201822;0;201814;43196;201814
630;2016;2420;2;C;201835;0;201826;43290;201828
631;2424;3730;1;B;201829;0;201820;43228;0
632;2425;4260;2;C;201821;0;201814;43195;201814
633;2018;1800;2;A ;201841;0;201831;43320;0
634;2018;1800;2;A ;201838;0;201828;43302;201830
635;1612;1160;2;A ;201826;0;201816;43203;201818
636;3889;10000;1;B;201826;0;201816;43217;0
637;1016;450;1;B;201821;0;201816;43209;0
638;3030;6000;2;B;201824;0;201816;43214;0
639;3030;6000;2;B;201824;0;201816;43214;0
640;2020;2400;3;B;201835;0;201820;43252;201822
641;2822;5930;2;C;201830;0;201818;43239;0
642;2822;5930;2;C;201835;0;201822;43263;0
643;2822;5930;2;C;201835;0;201819;43239;0
644;3030;6000;2;B;201827;0;201819;43239;0
645;3030;6000;2;B;201826;0;201819;43239;201819
646;2625;4460;3;A ;201841;0;201828;43305;201830
647;1762;2800;2;B;201828;0;201819;43231;201821
648;3535;8540;3;B;201838;0;201826;43265;201828
649;1762;2800;1;B;201833;0;201822;43262;201824
650;1762;2800;1;B;201833;0;201822;43262;201824
651;1662;1830;1;B;201833;0;201824;43259;201826
652;1714;2340;1;B;201833;0;201824;43258;0
653;1822;1460;1;B;201833;0;201824;43237;0
654;1822;1460;1;B;201833;0;201824;43239;0
655;2822;5930;2;C;201838;0;201821;43239;0
656;1008;460;1;C;201844;0;201831;43278;0
657;746;237;2;A ;201826;0;201819;43230;201820
658;1818;1340;2;B;201827;0;201821;43241;201821
659;1916;1720;2;B;201828;0;201821;43252;201822
660;760;320;2;B;201828;0;201821;43257;201823
661;2828;5430;2;B;201844;0;201831;43322;201833
662;2420;3680;1;B;201829;0;201821;43252;0
663;747;237;2;A ;201829;0;201821;43239;0
664;747;237;2;A ;201834;0;201822;43242;201824
665;747;237;2;A ;201838;0;201826;43242;201828
666;747;237;2;A ;201843;0;201831;43242;201833
667;747;237;2;A ;201847;0;201835;43242;0
668;747;237;1;A ;201834;0;201822;43242;0
669;2218;3630;2;C;201836;0;201822;43265;201826
670;2625;4410;2;B;201829;0;201823;43259;0
671;2520;4500;2;C;201844;0;201831;43321;0
672;2520;4500;2;C;201844;0;201831;43322;201833
673;2218;3630;2;C;201843;0;201831;43323;201833
674;2520;4500;2;C;201841;0;201828;43274;201830
675;2520;4500;2;C;201840;0;201828;43274;201830
676;2520;4500;2;C;201842;0;201829;43306;201830
677;2016;2420;2;C;201844;0;201830;43316;201831
678;2020;1800;4;B;201835;0;201825;43272;201826
679;3430;8000;1;B;201836;0;201825;43274;0
680;3230;6400;1;B;201835;0;201826;43267;0
681;1816;1340;2;B;201837;0;201829;43269;201830
682;1816;1340;2;B;201837;0;201829;43269;201830
683;1816;1340;2;B;201831;0;201826;43269;201826
684;2217;3600;2;C;201843;0;201831;43329;0
685;2217;3600;2;C;201843;0;201831;43329;201833
686;1816;1340;2;B;201837;0;201829;43272;0
687;3040;6000;1;B;201902;0;201843;43385;0
688;2218;3630;2;C;201845;0;201831;43323;201833
689;2218;3630;2;C;201848;0;201837;43323;201839
690;3838;10000;1;B;201848;0;201828;43350;201830
691;4444;12330;1;B;201847;0;201831;43323;201833
692;4444;12330;1;B;201920;0;201903;43435;201905
693;4444;12330;1;B;201843;0;201828;43306;201830
694;2016;2420;2;C;201850;0;201836;43295;0
695;2016;2420;2;C;201847;0;201833;43283;201835
696;2262;3210;2;B;201836;0;201827;43280;0
697;1915;2190;2;C;201843;0;201832;43357;201834
698;2822;5930;2;C;201847;0;201835;43294;201837
699;2822;5930;2;C;201846;0;201835;43294;0
700;2822;5930;2;C;201846;0;201835;43297;201837
701;2625;5000;1;C;201845;0;201834;43295;201836
702;3378;6900;2;A ;201833;0;201827;43287;0
703;2528;4160;1;B;201923;0;201908;43522;201910
704;1142;530;2;A ;201835;0;201828;43309;201928
705;3230;6400;1;B;201929;0;201917;43299;0
706;2528;4160;1;B;201912;0;201902;43462;201904
707;1260;600;1;A ;201846;0;201837;43325;0
708;2822;5930;2;C;201850;0;201838;43325;0
709;3030;6000;2;B;201839;0;201830;43301;0
710;3030;6000;2;B;201839;0;201830;43302;0
711;2020;1800;2;B;201839;0;201830;43316;0
712;1414;1200;1;C;201849;0;201838;43326;201840
713;2420;3680;2;B;201840;0;201831;43318;201832
714;2420;3680;2;B;201840;0;201831;43318;201832
715;1312;680;1;B;201838;0;201831;43311;201831
716;2118;2750;2;C;201839;0;201832;43319;201832
717;1412;970;2;B;201840;0;201833;43316;201833
718;1462;1020;2;B;201836;0;201831;43312;201831
719;1566;1120;2;B;201835;0;201831;43313;201831
720;1412;970;2;B;201902;0;201835;43315;201835
721;1714;2340;2;A ;201839;0;201834;43320;201834
722;1714;2340;2;A ;201839;0;201834;43320;201834
723;2217;3600;2;C;201848;0;201840;43358;201841
724;2217;3600;2;C;201848;0;201840;43358;201841
725;2822;5930;2;C;201903;0;201843;43334;201845
726;3030;6000;1;B;201847;0;201836;43335;201837
727;3030;6000;1;B;201847;0;201836;43339;201837
728;3030;6000;1;B;201843;0;201835;43322;201836
729;2016;2420;2;C;201905;0;201846;43383;201848
730;2822;5930;2;C;201903;0;201843;43334;201845
731;2730;5460;2;C;201906;0;201846;43424;201847
732;1818;1340;2;B;201845;0;201836;43339;201838
733;1142;530;2;A ;201844;0;201835;43342;201837
734;2016;2420;2;C;201844;0;201836;43342;201837
735;2016;2420;2;C;201844;0;201836;43343;201837
736;1414;970;3;A ;201909;0;201845;43404;201847
737;1360;890;2;A ;201902;0;201845;43402;201847
738;1414;970;3;A ;201909;0;201844;43404;201846
739;2122;2720;2;B;201846;0;201840;43354;201841
740;2122;2720;2;B;201846;0;201839;43354;201840
741;2620;4760;2;C;201847;0;201838;43355;201840
742;2620;4760;2;C;201847;0;201838;43355;201840
743;1362;890;2;B;201847;0;201840;43376;201841
744;1362;890;2;B;201847;0;201839;43376;201840
745;1362;890;2;B;201847;0;201839;43376;201840
746;1362;890;2;B;201847;0;201840;43376;201841
747;1412;970;2;B;201906;0;201838;43358;201840
748;1566;1120;1;B;201905;0;201838;43358;201840
749;1566;1120;2;B;201920;0;201838;43360;201840
750;2016;2420;2;C;201909;0;201851;43458;201901
751;2822;5930;2;C;201912;0;201851;43404;201902
752;3030;6000;2;B;201851;0;201841;43397;201843
753;3030;6000;2;B;201851;0;201843;43397;201843
754;706;240;1;A ;201848;0;201841;43383;201842
755;2016;2420;2;C;201911;0;201901;43486;201902
756;2016;2420;2;C;201913;0;201902;43486;201904
757;3535;8540;1;B;201850;0;201842;43386;201843
758;1956;2260;4;A ;201847;0;201842;43386;201842
759;2425;3780;2;B;201801;0;201843;43399;201844
760;2419;4170;2;C;201905;0;201848;43444;201848
761;1420;1200;2;C;201912;0;201901;43474;201902
762;2727;4960;1;B;201850;0;201843;43402;201844
763;2116;2750;2;C;201905;0;201846;43419;201848
764;2217;3600;2;C;201912;0;201901;43458;201902
765;2016;2420;2;C;201914;0;201902;43476;201903
766;2217;3600;2;C;201915;0;201902;43476;201903
767;3427;9250;2;C;201917;0;201904;43439;201906
768;2016;2420;2;C;201917;0;201904;43480;0
769;2218;3630;2;C;201917;0;201904;43477;201906
770;2217;3600;2;C;201915;0;201902;43477;201903
771;1714;2340;1;B;201916;0;201902;43481;201904
772;1714;2340;1;B;201925;0;201913;43482;201915
773;1762;2800;1;B;201917;0;201902;43483;201904
774;2420;3680;2;B;201904;0;201847;43423;201848
775;2420;3680;2;B;201904;0;201847;43423;201848
776;1720;1890;1;B;201907;0;201849;43420;201850
777;3535;8540;3;B;201906;0;201846;43425;201847
778;1714;2340;1;B;201907;0;201848;43445;201850
779;1720;1890;1;B;201907;0;201849;43426;201850
780;2620;4760;2;C;201915;0;201903;43496;201905
781;2064;2560;2;A ;201915;0;201904;43434;201906
782;2064;2560;2;A ;201915;0;201904;43435;201906
783;710;300;2;A ;201905;0;201848;43433;201850
784;710;300;2;A ;201905;0;201848;43433;201850
785;810;350;2;A ;201910;0;201851;43458;201902
786;2320;3360;2;B;201907;0;201851;43475;201901
787;1110;530;1;C;201916;0;201905;43507;201907
788;2320;3360;2;B;201914;0;201902;43494;201904
789;2320;3360;2;B;201905;0;201850;43465;201851
790;2320;3360;2;B;201905;0;201850;43474;201851
791;2320;3360;2;B;201908;0;201901;43474;201902
792;2320;3360;2;B;201908;0;201901;43472;201902
793;2822;5930;2;C;201919;0;201908;43523;201910
794;1414;970;2;A ;201910;0;201901;43488;201902
795;2016;2420;2;C;201932;0;201923;43509;201924
796;2016;2420;2;C;201932;0;201923;43509;201925
797;2822;5930;2;C;201914;0;201903;43488;201905
798;2520;4500;2;C;201920;0;201910;43528;201912
799;2822;5930;2;C;201922;0;201910;43508;201912
800;3535;8540;1;B;201913;0;201902;43479;201904
801;1612;1160;2;A ;201927;0;201914;43566;201916
802;1612;1160;2;A ;201928;0;201919;43568;201921
803;910;400;2;A ;201909;0;201902;43486;201903
804;910;400;2;A ;201909;0;201902;43486;201903
805;3535;8540;1;B;201925;0;201913;43557;201915
806;1206;580;2;A ;201908;0;201902;43475;201903
807;1206;580;2;A ;201908;0;201902;43477;201903
808;1612;1160;2;B;201909;0;201902;43482;201904
809;3430;8000;1;B;201915;0;201903;43487;201905
810;2116;2750;2;C;201919;0;201908;43523;201910
811;2419;4170;2;C;201916;0;201906;43505;201908
812;2525;4110;2;B;201913;0;201905;43496;201907
813;2525;4110;2;B;201913;0;201905;43496;201907
814;2525;4110;2;B;201912;0;201904;43496;201906
815;2525;4110;2;B;201912;0;201904;43496;201906
816;2825;5380;2;B;201911;0;201902;43482;201904
817;2420;3730;2;A ;201911;0;201904;43501;201905
818;1462;1020;1;B;201910;0;201903;43487;201904
819;1412;970;2;B;201909;0;201902;43494;201904
820;1412;970;2;B;201909;0;201902;43483;201904
821;3230;6400;1;B;202049;0;202043;44095;202041
822;3230;6400;1;B;202010;0;201950;43543;201950
823;3030;6000;1;B;201919;0;201909;43529;201911
824;2825;5380;2;B;201921;0;201910;43481;201912
825;3535;8540;3;B;201931;0;201918;43537;201920
826;2416;4170;1;A ;201911;0;201904;43496;201905
827;2262;3210;2;B;201915;0;201906;43500;201908
828;2262;3210;2;B;201915;0;201906;43497;201908
829;2262;3210;2;B;201915;0;201906;43500;201908
830;1762;2800;2;B;201912;0;201904;43501;201905
831;1762;2800;2;B;201920;0;201912;43503;201914
832;810;350;2;A ;201918;0;201910;43528;201912
833;1313;950;2;A ;201930;0;201907;43521;201922
834;1313;950;2;A ;201929;0;201906;43510;201922
835;1313;950;2;A ;201930;0;201906;43510;201922
836;3636;9050;2;B;202005;0;201936;43745;201938
837;3386;7000;1;B;201917;0;201907;43518;201908
838;2218;3630;2;C;201931;0;201920;43544;201922
839;2171;2820;1;C;202006;0;201933;43535;201946
840;2822;5930;2;C;201928;0;201917;43536;201819
841;2016;2420;2;C;201926;0;201916;43525;201918
842;2020;2400;1;B;201918;0;201909;43521;201910
843;1412;970;2;B;201918;0;201912;43532;201913
844;3030;6000;2;B;201926;0;201913;43532;201914
845;1916;1720;2;B;201922;0;201915;43585;201916
846;1516;1060;2;B;201922;0;201915;43564;201916
847;1420;1200;1;C;201924;0;201916;43584;201917
848;1612;1160;3;A ;201927;0;201916;43568;201918
849;1612;1160;3;A ;201927;0;201915;43568;201917
850;1313;950;3;A ;201922;0;201916;43572;201917
851;3230;6400;1;B;202004;0;201938;43713;201940
852;3230;6400;1;B;202027;0;202016;43623;202017
853;3230;6400;1;B;202037;0;202023;43941;202032
854;1762;2800;1;B;201927;0;201920;43595;201921
855;2214;2960;2;B;201926;0;201917;43575;201918
856;2214;2960;2;B;201926;0;201917;43578;201918
857;1412;970;1;B;201923;0;201917;43587;201918
858;835;360;4;B;201923;0;201917;43581;201918
859;3030;6000;2;B;201928;0;201918;43599;201919
860;3030;6000;2;B;201928;0;201918;43594;201919
861;2625;4410;2;B;201929;0;201918;43606;201920
862;2625;4410;2;B;201938;0;201926;43612;201928
863;2625;4410;2;B;201930;0;201918;43612;201920
864;1042;460;1;A ;201927;0;201919;43596;201920
865;910;390;1;B;201925;0;201919;43592;201920
866;910;390;1;B;201925;0;201919;43592;201920
867;3030;6000;1;B;201933;0;201921;43598;201923
868;3030;6000;1;B;201933;0;201921;43598;201923
869;2822;5930;2;C;201936;0;201926;43633;201928
870;2016;2420;2;C;202146;Active;202029;43610;202030
871;3535;8540;2;B;201939;0;201925;43657;201928
872;1260;600;2;A ;201934;0;201922;43605;201926
873;1260;600;2;A ;201934;0;201922;43605;201926
874;2325;3410;2;B;201932;0;201922;43629;201924
875;1042;460;2;A ;201935;0;201926;43654;201928
876;1616;1160;1;B;201928;0;201920;43608;201921
877;1260;600;2;B;201925;0;201921;43605;201921
878;1566;1120;2;B;201930;0;201922;43607;201923
879;1412;970;2;B;201927;0;201921;43607;201922
880;2725;4910;2;B;201931;0;201921;43627;201923
881;2725;4910;2;B;201931;0;201921;43627;201923
882;2016;2420;2;C;201940;0;201931;44068;201933
883;2822;5930;2;C;201940;0;201929;43612;201931
884;1820;1460;1;B;201930;0;201923;43628;201924
885;3535;8540;1;B;201943;0;201930;43647;201934
886;1762;2800;2;B;201945;0;201936;43655;201939
887;1714;2340;2;B;202010;0;201951;43847;202004
888;1516;1060;2;B;201950;0;201939;43762;201942
889;1516;1060;2;B;202011;0;201951;43839;202004
890;1142;530;2;A ;201939;0;201930;43654;201933
891;2825;5380;2;B;201934;0;201924;43642;201925
892;2825;5380;2;B;201934;0;201924;43643;201925
893;1566;1120;2;B;201930;0;201924;43633;201925
894;1412;970;2;B;201930;0;201924;43633;201925
895;556;230;2;B;201934;0;201927;43637;201929
896;2625;4410;1;B;201930;0;201925;43640;201926
897;2223;3670;3;A ;201931;0;201925;43648;201926
898;1260;600;2;A ;201934;0;201926;43641;201928
899;1760;2800;2;B;201945;0;201926;43714;201938
900;2528;4160;1;B;201944;0;201934;43682;201936
901;2528;4160;1;B;202008;0;201947;43683;201950
902;2621;4800;1;C;201946;0;201937;43647;201939
903;2621;4800;1;C;201945;0;201936;43647;201938
904;2621;4800;1;C;201944;0;201935;43647;201937
905;2217;3600;2;C;201946;0;201937;43651;201939
906;2822;5930;2;C;201944;0;201935;43649;201937
907;2016;2420;2;C;201946;0;201937;43645;201939
908;2016;2420;2;C;202146;Active;202037;43645;202038
909;2419;4170;2;C;201945;0;201936;43651;201938
910;2828;5430;2;B;201941;0;201930;43669;201933
911;1663;1600;1;C;201937;0;201929;43644;201931
912;1108;530;2;C;201946;0;201936;43731;201938
913;1108;530;2;C;201946;0;201936;43731;201938
914;2525;4110;2;B;201940;0;201928;43677;201929
915;2625;4410;2;B;201940;0;201929;43669;201931
916;2625;4410;2;B;201940;0;201929;43664;201931
917;2218;3630;2;C;201949;0;201939;43663;201940
918;1108;530;2;C;201949;0;201940;43738;201942
919;2218;3630;2;C;201942;0;201930;43664;201933
920;2218;3630;2;C;201949;0;201938;43664;201940
921;2625;4410;2;B;201942;0;201931;43669;201933
922;2320;3360;2;B;201940;0;201930;43675;201932
923;1462;1020;2;B;201938;0;201930;43671;201932
924;3030;6000;2;B;201942;0;201930;43669;201932
925;3030;6000;2;B;201942;0;201930;43670;201932
926;2220;3020;2;B;201945;0;201934;43708;201936
927;1714;2340;2;A ;201944;0;201933;43671;201936
928;1362;890;2;B;201939;0;201932;43689;201933
929;3030;6000;1;B;201948;0;201941;43755;201942
930;2016;2420;2;C;201946;0;201939;43689;201940
931;2016;2420;2;C;201946;0;201939;43689;201940
932;1320;1070;1;A ;201940;0;201932;43691;201933
933;2822;5930;2;C;201950;0;201940;43712;201945
934;2822;5930;2;C;201950;0;201940;43712;201945
935;1010;440;1;B;201939;0;201932;44039;201933
936;2325;3410;1;B;201943;0;201935;43710;201935
937;1142;530;2;A ;201949;0;201942;43704;201944
938;3030;6000;1;B;202041;0;202030;44039;202031
939;1420;1200;2;C;201942;0;201935;43696;201936
940;1412;970;1;B;201942;0;201934;43699;201935
941;2016;2420;2;C;202001;0;201944;43707;201943
942;2116;2750;1;C;202001;0;201944;43714;201945
943;3030;6000;2;B;201944;0;201934;43697;201934
944;3030;6000;2;B;201944;0;201934;43698;201934
945;2620;4760;2;C;202002;0;201944;43707;201945
946;2620;4760;2;C;202002;0;201944;43722;201945
947;2016;2420;2;C;202001;0;201945;43707;201945
948;2016;2420;2;C;202003;0;201947;43706;201948
949;1919;1730;1;A ;202001;0;201942;43766;201944
950;2670;4690;1;B;201943;0;201936;43706;201936
951;1916;1720;2;B;201947;0;201936;43728;201937
952;1612;1160;2;A ;201950;0;201941;43767;201942
953;1916;1720;4;B;202001;0;201939;43796;201942
954;2120;2680;1;B;201942;0;201937;43722;201937
955;3838;10000;2;B;201949;0;201938;43735;201939
956;2621;4800;2;C;201944;0;201940;43738;201941
957;2822;5930;2;C;201947;0;201940;43734;201942
958;3535;8540;1;B;202004;0;201944;43784;201946
959;1320;690;2;B;201945;0;201939;43753;201940
960;4040;11100;1;B;202000;0;201943;43773;201945
961;2016;2420;2;C;202008;0;202002;43843;202003
962;1108;530;2;C;202005;0;201945;43791;201947
963;1008;460;1;C;202005;0;201947;43803;201949
964;1566;1120;1;B;201946;0;201940;43742;201942
965;710;300;2;A ;201949;0;201942;43771;201944
966;1566;1120;2;B;201947;0;201941;43748;201943
967;1566;1120;2;B;201948;0;201941;43748;201943
968;1566;1120;1;B;201949;0;201941;43759;201944
969;1566;1120;1;B;201949;0;201941;43759;201944
970;3030;6000;2;B;201949;0;201940;43761;201942
971;3230;6400;1;B;202002;0;201944;43784;201946
972;3024;7400;2;C;202013;0;202002;43843;202003
973;1820;1460;2;B;201949;0;201942;43757;201943
974;2825;5380;1;B;202004;0;201943;43768;201944
975;1822;1460;1;B;202007;0;201948;43822;202001
976;1762;2800;1;B;202007;0;202003;43846;202004
977;1762;2800;1;B;202040;0;202005;43860;202008
978;1916;1720;2;B;201950;0;201943;43774;201944
979;2170;2850;3;B;202004;0;201946;43795;201949
980;910;400;2;A ;202004;0;201945;43798;201946
981;910;400;2;A ;202010;0;201945;43798;201946
982;3618;9050;1;B;202007;0;201947;43812;201949
983;3618;9050;1;B;202008;0;201947;43812;201949
984;3618;9050;1;B;202009;0;201947;43813;201949
985;3618;9050;1;B;202013;0;202004;43813;202006
986;1260;600;2;A ;202013;0;202004;43860;202006
987;1260;600;2;A ;202014;0;202004;43860;202006
988;1108;530;2;C;201949;0;201943;43787;201944
989;1714;2340;2;A ;202010;0;201946;43803;201949
990;1816;1340;2;B;202011;0;201950;43864;202002
991;1816;1340;2;B;202011;0;201950;43864;202002
992;747;237;2;A ;202006;0;201948;43791;201951
993;1410;1170;2;A ;202002;0;201946;43795;201947
994;2115;2750;2;A ;202001;0;201946;43791;201947
995;1060;470;1;B;202003;0;201947;43802;201948
996;2825;5380;2;B;202007;0;201947;43801;201948
997;2825;5380;2;B;202007;0;201947;43801;201948
998;2218;3630;2;C;202009;0;201950;43843;202003
999;2218;3630;2;C;202013;0;202003;43843;202005
1000;2016;2420;2;C;202007;0;202001;43838;202002
1001;1818;1340;1;B;202008;0;201950;43837;202001
1002;2419;4170;2;C;202012;0;202002;43844;202004
1003;1566;1120;2;B;202019;0;202005;43900;202006
1004;2620;4760;2;C;202013;0;201951;43862;202003
1005;2822;5930;2;C;202012;0;201950;43816;201951
1006;3535;8540;1;B;202045;0;202008;43883;202010
1007;1320;1070;1;C;202012;0;202003;43859;202005
1008;1212;580;2;B;202005;0;201949;43817;201951
1009;1263;600;2;A ;202009;0;202002;43844;202003
1010;1263;600;2;A ;202009;0;202002;43844;202003
1011;1360;890;2;A ;202004;0;201949;43805;201950
1012;2620;4760;2;C;202014;0;202006;43915;202007
1013;2620;4760;2;C;202016;0;202008;43917;202009
1014;860;320;2;C;202016;0;202009;43887;202010
1015;1360;890;2;A ;202008;Active;202001;43820;202001
1016;910;400;1;A ;202007;0;202002;43840;202003
1017;2016;2420;2;C;202008;0;201951;43838;202002
1018;2016;2420;2;C;202010;0;202002;43844;202004
1019;2016;2420;2;C;202013;0;202004;43847;202006
1020;1364;890;2;B;202005;0;201951;43843;202001
1021;3756;10000;2;B;202011;0;202002;43859;202003
1022;1462;1020;2;B;202003;0;201951;43819;201952
1023;2325;3410;1;B;202006;0;202001;43840;202002
1024;3820;10000;1;B;202015;0;202005;43867;202006
1025;1612;1160;2;B;202014;0;202005;43865;202006
1026;2217;3600;2;C;202009;0;202006;43864;202006
1027;1058;480;1;C;202010;0;202003;43845;202005
1028;1058;480;1;C;202010;0;202003;43845;202005
1029;1058;480;1;C;202010;0;202003;43845;202005
1030;1058;480;1;C;202010;0;202003;43845;202005
1031;1058;480;1;C;202010;0;202003;43845;202005
1032;2020;1800;2;B;202012;0;202004;43861;202005
1033;2020;1800;2;B;202018;0;202011;43878;202012
1034;3030;6000;2;B;202011;0;202003;43860;202004
1035;3030;6000;2;B;202014;0;202005;43862;202006
1036;2625;4410;2;B;202015;0;202005;43867;202006
1037;1461;1280;2;C;202008;0;202003;43847;202004
1038;1461;1280;2;C;202008;0;202003;43847;202004
1039;1212;580;1;B;202011;0;202004;43862;202006
1040;710;300;2;A ;202016;0;202007;43872;202009
1041;1462;1020;2;B;202009;0;202003;43858;202004
1042;2420;3680;2;B;202014;0;202004;43862;202005
1043;1462;1020;2;B;202011;0;202005;43864;202006
1044;2419;4170;2;C;202013;0;202006;43869;202007
1045;2116;2750;1;C;202006;0;202004;43850;202005
1046;2825;5380;2;B;202015;0;202005;43865;202007
1047;2825;5380;2;B;202015;0;202005;43866;202007
1048;2825;5380;2;B;202016;0;202006;43867;202008
1049;760;290;2;C;202018;0;202013;43914;202012
1050;2217;3600;2;C;202019;0;202013;43918;202014
1051;2116;2750;2;C;202018;0;202013;43913;202014
1052;1915;2190;1;C;202018;0;202013;43911;202014
1053;2016;2420;2;C;202018;0;202013;43911;202014
1054;1920;1730;1;B;202024;0;202006;43879;202008
1055;910;390;2;B;202015;0;202008;43881;202010
1056;910;390;2;B;202023;0;202016;43911;202016
1057;1110;500;1;B;202017;0;202009;43892;202011
1058;910;400;1;A ;202019;0;202011;43906;202013
1059;3030;6000;2;B;202019;0;202008;43900;202010
1060;3030;6000;2;B;202019;0;202008;43900;202010
1061;2020;1800;1;B;202026;0;202018;43964;202020
1062;2528;4160;1;B;202028;0;202019;43970;202021
1063;2171;2820;1;C;202014;0;202008;43880;202009
1064;1864;2080;1;C;202016;0;202009;43892;202010
1065;1566;1120;1;B;202016;0;202009;43889;202010
1066;2016;2420;2;C;202024;0;202015;43925;202016
1067;2016;2420;2;C;202025;0;202015;43925;202016
1068;3820;10000;1;B;202041;0;202024;44043;202030
1069;3427;9250;2;C;202017;0;202008;43885;202010
1070;1008;460;1;C;202017;0;202009;43889;202011
1071;1263;600;2;A ;202019;0;202009;43889;202011
1072;1462;1020;2;B;202016;0;202009;43892;202010
1073;1920;2260;1;C;202014;0;202009;43888;202010
1074;1616;1160;2;B;202020;0;202015;43895;202012
1075;1516;1060;2;B;202019;0;202010;43895;202012
1076;1712;2340;3;B;202021;0;202011;43910;202013
1077;3030;6000;2;B;202019;0;202010;43895;202011
1078;2825;5380;2;B;202019;0;202010;43896;202012
1079;1566;1120;2;B;202019;0;202011;43902;202014
1080;1566;1120;2;B;202019;Active;202011;43902;202014
1081;1412;970;1;B;202012;0;202010;43893;202010
1082;1270;600;2;A ;202017;0;202010;43911;202012
1083;3030;6000;1;B;202020;0;202011;43903;202013
1084;3030;6000;1;B;202020;0;202011;43903;202013
1085;2420;3680;2;B;202025;0;202015;43932;202017
1086;1008;460;2;C;202038;0;202013;43915;202015
1087;3040;6000;1;B;202021;0;202013;43920;202014
1088;1209;580;2;C;202020;0;202014;43922;202015
1089;1667;1710;1;A ;202021;0;202013;43918;202015
1090;2725;4910;1;B;202021;0;202015;43925;202016
1091;2725;4910;1;B;202021;0;202015;43925;202016
1092;2625;4410;2;B;202025;0;202015;43929;202017
1093;1714;2340;2;A ;202041;0;202031;44041;202033
1094;1412;970;1;B;202031;0;202014;43924;202015
1095;3230;6400;1;B;202023;0;202015;43929;202017
1096;2520;4500;2;C;202030;0;202021;43970;202022
1097;2520;4500;2;C;202030;0;202021;43973;202022
1098;1616;1160;2;B;202106;Active;202051;44175;202051
1099;1516;1060;2;B;202021;0;202014;43942;202016
1100;859;370;1;B;202020;0;202014;43924;202015
1101;859;370;1;B;202021;0;202014;43924;202015
1102;859;370;1;B;202022;0;202014;43925;202015
1103;859;370;1;B;202023;0;202015;43932;202017
1104;2262;3210;2;B;202025;0;202019;43956;202020
1105;1516;1060;2;B;202029;0;202022;43979;202024
1106;2419;4170;2;C;202027;0;202018;43949;202020
1107;2116;2750;2;C;202030;0;202022;43974;202024
1108;2419;4170;2;C;202047;0;202037;44029;202026
1109;1566;1120;2;B;202025;Active;202018;43949;202019
1110;1142;530;2;A ;202029;0;202020;43969;202021
1111;1142;530;2;A ;202029;0;202020;43969;202021
1112;1612;1160;2;A ;202029;0;202020;43969;202021
1113;2016;2420;2;C;202025;0;202017;43946;202019
1114;2016;2420;2;C;202026;0;202018;43946;202020
1115;2016;2420;2;C;202028;0;202019;43946;202020
1116;2016;2420;2;C;202029;0;202020;43965;202022
1117;2016;2420;2;C;202030;0;202021;43974;202023
1118;2016;2420;2;C;202033;0;202023;43983;202025
1119;2016;2420;2;C;202034;0;202024;43985;202026
1120;2528;4160;1;B;202047;0;202036;44062;202038
1121;1060;470;3;A ;202025;0;202017;43943;202019
1122;1060;470;3;A ;202025;0;202017;43943;202019
1123;910;400;2;A ;202031;0;202024;43976;202026
1124;1263;600;1;A ;202026;0;202019;43963;202022
1125;2016;2420;2;C;202038;0;202029;44023;202031
1126;1670;1710;1;C;202039;0;202030;44033;202032
1127;2218;3630;2;C;202033;0;202024;43978;202026
1128;2116;2750;2;C;202036;0;202027;44012;202029
1129;2016;2420;2;C;202037;0;202028;44023;202030
1130;1762;2800;2;B;202033;0;202025;43987;202027
1131;1110;520;2;A ;202041;0;202034;44047;202036
1132;910;390;2;B;202026;0;202022;43974;202022
1133;747;237;2;A ;202030;0;202021;43973;202022
1134;3232;6400;1;B;202024;0;202021;43971;202021
1135;3326;8810;4;C;202038;0;202024;43991;202025
1136;3535;8540;2;B;202036;0;202026;43987;202028
1137;2020;1800;1;B;202035;0;202027;44012;202029
1138;1362;890;2;B;202032;0;202024;44014;202026
1139;1142;530;1;A ;202029;0;202024;43986;202025
1140;1762;2800;1;B;202041;0;202033;44033;202035
1141;1662;1830;1;B;202041;Active;202033;44034;202035
1142;1714;2340;1;B;202041;0;202033;44034;202035
1143;1762;2800;1;B;202041;0;202033;44033;202035
1144;2020;1800;2;B;202035;0;202027;44019;202029
1145;1414;970;2;A ;202037;0;202029;44027;202031
1146;2425;4260;1;C;202031;0;202026;44005;202027
1147;2425;4260;1;C;202031;0;202026;44005;202027
1148;2318;3860;2;C;202036;0;202027;44016;202029
1149;2318;3860;2;C;202036;0;202027;44016;202029
1150;2625;5000;2;C;202032;0;202026;44002;202027
1151;2118;2750;1;C;202028;0;202026;44004;202026
1152;1667;1710;1;A ;202034;0;202027;44016;202027
1153;2528;4160;1;B;202106;Active;202045;44125;202047
1154;2525;4110;2;B;202042;0;202033;44104;202034
1155;2825;5380;2;B;202037;0;202027;44105;202029
1156;1042;460;1;A ;202033;0;202027;44126;202027
1157;1110;520;2;A ;202035;0;202027;44120;202028
1158;2675;4750;2;B;202044;0;202036;44123;202038
1159;2016;2420;2;C;202042;0;202033;44054;202035
1160;2016;2420;2;C;202042;0;202033;44054;202035
1161;2620;4760;2;C;202042;0;202033;44057;202035
1162;2016;2420;2;C;202045;0;202036;44062;202038
1163;2016;2420;1;C;202046;0;202037;44062;202039
1164;2520;4500;2;C;202046;0;202037;44078;202039
1165;2520;4500;2;C;202046;0;202037;44071;202039
1166;2825;5380;1;B;202043;0;202034;44039;202035
1167;2116;2750;2;C;202044;0;202034;44063;202036
1168;3820;10000;1;B;202045;0;202034;44063;202035
1169;2525;4110;2;B;202045;0;202036;44042;202037
1170;1516;1060;2;B;202039;0;202031;44055;202032
1171;1516;1060;2;B;202039;0;202031;44056;202032
1172;910;400;2;A ;202044;0;202035;44069;202037
1173;1412;970;2;B;202036;0;202032;44057;202032
1174;1412;970;2;B;202039;Active;202032;44057;202033
1175;1412;970;2;B;202040;Active;202032;44057;202033
1176;3030;6000;1;B;202038;0;202032;44049;202033
1177;1816;1340;6;B;202040;0;202033;44050;202033
1178;1665;1660;1;C;202103;0;202046;44141;202047
1179;2830;5490;1;B;202042;0;202036;44091;202037
1180;1142;530;2;A ;202048;0;202038;44077;202040
1181;2218;3630;1;C;202105;0;202045;44107;202047
1182;2016;2420;2;C;202103;0;202043;44123;202045
1183;2016;2420;2;C;202049;0;202040;44104;202041
1184;2016;2420;2;C;202049;0;202040;44110;202041
1185;2419;4170;2;C;202104;0;202044;44149;202046
1186;1725;1250;2;A ;202043;0;202038;44084;202038
1187;2420;3680;2;B;202048;0;202039;44104;202040
1188;2420;3680;2;B;202048;0;202039;44104;202040
1189;2626;4460;2;A ;202102;0;202040;44105;202042
1190;2626;4460;2;A ;202046;0;202040;44105;202039
1191;1060;470;2;A ;202050;0;202042;44097;202043
1192;1060;470;2;A ;202050;0;202042;44107;202043
1193;1362;890;2;B;202046;0;202040;44090;202040
1194;1362;890;2;B;202046;0;202040;44091;202040
1195;2420;3680;2;B;202050;0;202041;44107;202042
1196;1060;470;1;A ;202045;0;202039;44107;202040
1197;1209;580;1;C;202103;0;202045;44104;202046
1198;3232;6400;1;B;202048;0;202041;44111;202041
1199;1414;970;3;A ;202105;0;202047;44155;202048
1200;1142;530;3;A ;202049;0;202042;44112;202042
1201;1916;1720;2;B;202104;0;202045;44140;202046
1202;1916;1720;2;B;202104;0;202045;44141;202046
1203;1060;470;2;A ;202102;0;202043;44125;202044
1204;1520;1060;1;B;202050;0;202043;44120;202044
1205;1762;2800;1;B;202049;Active;202042;44118;202043
1206;3838;10000;1;B;202105;Active;202046;44145;202047
1207;1762;2800;1;B;202049;0;202042;44118;202043
1208;1142;530;1;A ;202103;0;202045;44142;202046
1209;1762;2800;2;B;202050;0;202043;44119;202043
1210;2220;3020;2;B;202104;Active;202045;44127;202046
1211;2419;4170;2;C;202106;Active;202047;44153;202048
1212;2217;3600;2;C;202104;0;202045;44142;202046
1213;2217;3600;2;C;202105;Active;202045;44142;202046
1214;2217;3600;2;C;202104;0;202045;44142;202046
1215;1612;1160;1;A ;202101;0;202044;44130;202045
1216;2520;4500;2;C;202109;Active;202052;44168;202051
1217;2520;4500;2;C;202109;Active;202052;44172;202051
1218;1320;690;2;B;202050;0;202044;44130;202045
1219;3030;7410;2;C;202103;0;202046;44142;202047
1220;2878;5600;1;B;202105;Active;202046;44166;202047
1221;2416;4170;2;A ;202121;Active;202108;0;202110
1222;1778;2800;2;A ;202103;0;202047;44165;202048
1223;3024;7400;2;C;202110;Active;202051;44179;202050
1224;3024;7400;2;C;202108;Active;202051;44180;202051
1225;1263;600;2;A ;202104;0;202047;44169;202048
1226;2016;2420;1;C;202117;Active;202107;0;202108
1227;1714;2340;2;A ;202104;0;202047;44151;202048
1228;980;420;2;B;202109;Active;202103;44216;202103
1229;1462;1020;2;B;202103;0;202047;44155;202048
1230;1412;970;2;B;202050;0;202047;44153;202047
1231;1412;970;2;B;202101;0;202048;44159;202049
1232;1412;970;2;B;202101;0;202048;44160;202049
1233;1412;970;2;B;202105;0;202048;44161;202049
1234;1412;970;2;B;202113;Active;202048;44161;202049
1235;1412;970;2;B;202113;Active;202048;44162;202049
1236;706;240;2;C;202111;Active;202103;44212;202104
1237;1662;1830;1;B;202106;Active;202050;44167;202051
1238;2620;4760;2;C;202119;Active;202110;0;202112
1239;1412;970;2;B;202101;0;202049;44167;202050
1240;1714;2340;1;B;202107;Active;202101;44200;202102
1241;1714;2340;1;B;202107;Active;202101;44200;202102
1242;1520;1060;2;B;202106;Active;202051;44175;202052
1243;1520;1060;2;B;202106;Active;202051;44179;202052
1244;1520;1060;2;B;202106;Active;202051;44179;202052
1245;2820;5320;2;B;202115;Active;202104;44224;202106
1246;2828;5430;2;B;202114;Active;202103;44232;202105
1247;2419;4170;2;C;202119;Active;202109;44218;202112
1248;2469;4370;2;C;202110;Active;202101;44205;202102
1249;2419;4170;2;C;202116;Active;202107;44221;202108
1250;2217;3600;2;C;202113;Active;202103;44212;202105
1251;3326;8810;5;C;202117;Active;202101;44205;202103
1252;3230;6400;2;B;202127;Active;202112;0;202114
1253;1516;1060;2;B;202110;Active;202103;44225;202104
1254;2368;4010;3;C;202116;Active;202105;44229;202106
1255;2368;4010;3;C;202112;Active;202105;44231;202106
1256;2820;5320;2;B;202118;Active;202108;0;202109
1257;910;390;1;B;202110;Active;202106;0;202106
1258;1461;1280;2;C;202113;Active;202106;0;202107
1259;1520;1060;2;B;202119;Active;202109;0;202111
1260;2528;4160;1;B;202125;Active;202118;0;202120
1261;2218;3630;2;C;202128;Active;202117;0;202118
1262;4340;12020;1;B;202129;Active;202118;0;202119
1263;1616;1160;2;B;202139;Active;202130;0;202131
1264;2528;4160;1;B;202145;Active;202137;0;202139
1265;3230;6400;1;B;202203;Active;202145;0;202147
1266;1616;1160;2;B;202210;Active;202201;0;202202
1267;3230;6400;1;B;202216;Active;202208;0;202210
1268;3230;6400;1;B;202234;Active;202222;0;202218
1269;3230;6400;1;B;202244;Active;202234;0;202236
1270;3230;6400;1;B;202307;Active;202247;0;202249
1271;3230;6400;1;B;202319;Active;202309;0;202311
1272;3230;6400;1;B;202334;Active;202324;0;202326
